Date/Time,Year,Month,Day,Total Precip (mm),Label
2008-07-02,2008,7,2,0,1
2008-07-03,2008,7,3,0,1
2008-07-04,2008,7,4,0,1
2008-07-05,2008,7,5,0,1
2008-07-06,2008,7,6,0,1
2008-07-07,2008,7,7,0,1
2008-07-08,2008,7,8,0,1
2008-07-09,2008,7,9,0,1
2008-07-10,2008,7,10,3.2,2
2008-07-11,2008,7,11,0.2,2
2008-07-12,2008,7,12,0,1
2008-07-13,2008,7,13,0,1
2008-07-14,2008,7,14,2.3,2
2008-07-15,2008,7,15,0,1
2008-07-16,2008,7,16,0,1
2008-07-17,2008,7,17,0,1
2008-07-18,2008,7,18,0,1
2008-07-19,2008,7,19,0.2,2
2008-07-20,2008,7,20,4.4,3
2008-07-21,2008,7,21,35.8,10
2008-07-22,2008,7,22,84.9,10
2008-07-23,2008,7,23,0.4,2
2008-07-24,2008,7,24,2.1,2
2008-07-25,2008,7,25,2,2
2008-07-26,2008,7,26,2.6,2
2008-07-27,2008,7,27,0.2,2
2008-07-28,2008,7,28,6.6,3
2008-07-29,2008,7,29,0.2,2
2008-07-30,2008,7,30,0.4,2
2008-07-31,2008,7,31,0,1
2008-08-01,2008,8,1,1.4,2
2008-08-02,2008,8,2,37,10
2008-08-03,2008,8,3,4.4,3
2008-08-04,2008,8,4,1.5,2
2008-08-05,2008,8,5,0.4,2
2008-08-06,2008,8,6,0.2,2
2008-08-07,2008,8,7,0.2,2
2008-08-08,2008,8,8,3.2,2
2008-08-09,2008,8,9,0.2,2
2008-08-10,2008,8,10,0,1
2008-08-11,2008,8,11,0,1
2008-08-12,2008,8,12,10.2,4
2008-08-13,2008,8,13,0.2,2
2008-08-14,2008,8,14,14.6,5
2008-08-15,2008,8,15,0.2,2
2008-08-16,2008,8,16,9.6,4
2008-08-17,2008,8,17,7.8,3
2008-08-18,2008,8,18,0.2,2
2008-08-19,2008,8,19,0,1
2008-08-20,2008,8,20,0,1
2008-08-21,2008,8,21,0,1
2008-08-22,2008,8,22,0,1
2008-08-23,2008,8,23,0,1
2008-08-24,2008,8,24,3.4,2
2008-08-25,2008,8,25,9.4,4
2008-08-26,2008,8,26,0,1
2008-08-27,2008,8,27,26.6,8
2008-08-28,2008,8,28,2.4,2
2008-08-29,2008,8,29,2.6,2
2008-08-30,2008,8,30,0.2,2
2008-08-31,2008,8,31,21.8,7
2008-09-01,2008,9,1,3.4,2
2008-09-02,2008,9,2,0.2,2
2008-09-03,2008,9,3,17.1,6
2008-09-04,2008,9,4,0.4,2
2008-09-05,2008,9,5,0.3,2
2008-09-06,2008,9,6,10,4
2008-09-07,2008,9,7,6.1,3
2008-09-08,2008,9,8,0.2,2
2008-09-09,2008,9,9,0.6,2
2008-09-10,2008,9,10,6.2,3
2008-09-11,2008,9,11,0.2,2
2008-09-12,2008,9,12,0.2,2
2008-09-13,2008,9,13,0.2,2
2008-09-14,2008,9,14,1,2
2008-09-15,2008,9,15,0.2,2
2008-09-16,2008,9,16,0.2,2
2008-09-17,2008,9,17,0,1
2008-09-18,2008,9,18,0,1
2008-09-19,2008,9,19,0.2,2
2008-09-20,2008,9,20,0,1
2008-09-21,2008,9,21,0,1
2008-09-22,2008,9,22,0,1
2008-09-23,2008,9,23,0,1
2008-09-24,2008,9,24,0,1
2008-09-25,2008,9,25,0,1
2008-09-26,2008,9,26,0,1
2008-09-27,2008,9,27,0.2,2
2008-09-28,2008,9,28,18.6,6
2008-09-29,2008,9,29,0.2,2
2008-09-30,2008,9,30,0.3,2
2008-10-01,2008,10,1,0,1
2008-10-02,2008,10,2,2.2,2
2008-10-03,2008,10,3,1.5,2
2008-10-04,2008,10,4,0,1
2008-10-05,2008,10,5,0,1
2008-10-06,2008,10,6,0.2,2
2008-10-07,2008,10,7,0,1
2008-10-08,2008,10,8,0,1
2008-10-09,2008,10,9,1.8,2
2008-10-10,2008,10,10,0,1
2008-10-11,2008,10,11,0,1
2008-10-12,2008,10,12,0,1
2008-10-13,2008,10,13,3.9,2
2008-10-14,2008,10,14,0.4,2
2008-10-15,2008,10,15,0,1
2008-10-16,2008,10,16,8,4
2008-10-17,2008,10,17,1.2,2
2008-10-18,2008,10,18,0,1
2008-10-19,2008,10,19,0,1
2008-10-20,2008,10,20,5.9,3
2008-10-21,2008,10,21,0,1
2008-10-22,2008,10,22,1.3,2
2008-10-23,2008,10,23,0.2,2
2008-10-24,2008,10,24,0,1
2008-10-25,2008,10,25,0,1
2008-10-26,2008,10,26,0,1
2008-10-27,2008,10,27,30.8,9
2008-10-28,2008,10,28,3.4,2
2008-10-29,2008,10,29,0.4,2
2008-10-30,2008,10,30,0.2,2
2008-10-31,2008,10,31,0,1
2008-11-01,2008,11,1,0,1
2008-11-02,2008,11,2,0.2,2
2008-11-03,2008,11,3,0.2,2
2008-11-04,2008,11,4,0,1
2008-11-05,2008,11,5,0,1
2008-11-06,2008,11,6,0,1
2008-11-07,2008,11,7,11.6,4
2008-11-08,2008,11,8,0.4,2
2008-11-09,2008,11,9,1,2
2008-11-10,2008,11,10,0.2,2
2008-11-11,2008,11,11,0,1
2008-11-12,2008,11,12,0.2,2
2008-11-13,2008,11,13,0,1
2008-11-14,2008,11,14,13.3,5
2008-11-15,2008,11,15,17.8,6
2008-11-16,2008,11,16,23.1,7
2008-11-17,2008,11,17,0.2,2
2008-11-18,2008,11,18,15.9,5
2008-11-19,2008,11,19,20.1,7
2008-11-20,2008,11,20,0.6,2
2008-11-21,2008,11,21,9.7,4
2008-11-22,2008,11,22,41.1,10
2008-11-23,2008,11,23,8.2,4
2008-11-24,2008,11,24,0,1
2008-11-25,2008,11,25,0,1
2008-11-26,2008,11,26,4.1,3
2008-11-27,2008,11,27,1.2,2
2008-11-28,2008,11,28,1.2,2
2008-11-29,2008,11,29,0.4,2
2008-11-30,2008,11,30,2.4,2
2008-12-01,2008,12,1,27.5,8
2008-12-02,2008,12,2,0,1
2008-12-03,2008,12,3,0,1
2008-12-04,2008,12,4,0,1
2008-12-05,2008,12,5,0.3,2
2008-12-06,2008,12,6,0.2,2
2008-12-07,2008,12,7,36.5,10
2008-12-08,2008,12,8,3.7,2
2008-12-09,2008,12,9,4.3,3
2008-12-10,2008,12,10,18.5,6
2008-12-11,2008,12,11,25.9,8
2008-12-12,2008,12,12,33.3,10
2008-12-13,2008,12,13,0,1
2008-12-14,2008,12,14,0,1
2008-12-15,2008,12,15,0.4,2
2008-12-16,2008,12,16,5.7,3
2008-12-17,2008,12,17,10.1,4
2008-12-18,2008,12,18,0,1
2008-12-19,2008,12,19,0,1
2008-12-20,2008,12,20,0,1
2008-12-21,2008,12,21,13.2,5
2008-12-22,2008,12,22,2.5,2
2008-12-23,2008,12,23,0,1
2008-12-24,2008,12,24,10.5,4
2008-12-25,2008,12,25,13.8,5
2008-12-26,2008,12,26,0,1
2008-12-27,2008,12,27,5.4,3
2008-12-28,2008,12,28,5.9,3
2008-12-29,2008,12,29,0.4,2
2008-12-30,2008,12,30,0,1
2008-12-31,2008,12,31,5.4,3
2009-01-01,2009,1,1,5.2,3
2009-01-02,2009,1,2,0.3,2
2009-01-03,2009,1,3,1.3,2
2009-01-04,2009,1,4,0,1
2009-01-05,2009,1,5,0.9,2
2009-01-06,2009,1,6,0,1
2009-01-07,2009,1,7,15.8,5
2009-01-08,2009,1,8,3.9,2
2009-01-09,2009,1,9,0,1
2009-01-10,2009,1,10,0.5,2
2009-01-11,2009,1,11,8.1,4
2009-01-12,2009,1,12,2.7,2
2009-01-13,2009,1,13,5.7,3
2009-01-14,2009,1,14,12.4,5
2009-01-15,2009,1,15,0.4,2
2009-01-16,2009,1,16,0,1
2009-01-17,2009,1,17,0,1
2009-01-18,2009,1,18,17.9,6
2009-01-19,2009,1,19,9,4
2009-01-20,2009,1,20,0,1
2009-01-21,2009,1,21,0,1
2009-01-22,2009,1,22,1.1,2
2009-01-23,2009,1,23,0,1
2009-01-24,2009,1,24,0,1
2009-01-25,2009,1,25,0,1
2009-01-26,2009,1,26,0,1
2009-01-27,2009,1,27,0,1
2009-01-28,2009,1,28,20.3,7
2009-01-29,2009,1,29,20.1,7
2009-01-30,2009,1,30,0,1
2009-01-31,2009,1,31,1.1,2
2009-02-01,2009,2,1,43.5,10
2009-02-02,2009,2,2,,Null
2009-02-03,2009,2,3,,Null
2009-02-04,2009,2,4,,Null
2009-02-05,2009,2,5,,Null
2009-02-06,2009,2,6,0.2,2
2009-02-07,2009,2,7,2.7,2
2009-02-08,2009,2,8,1.2,2
2009-02-09,2009,2,9,,Null
2009-02-10,2009,2,10,,Null
2009-02-11,2009,2,11,0.2,2
2009-02-12,2009,2,12,10.1,4
2009-02-13,2009,2,13,,Null
2009-02-14,2009,2,14,0.2,2
2009-02-15,2009,2,15,,Null
2009-02-16,2009,2,16,,Null
2009-02-17,2009,2,17,,Null
2009-02-18,2009,2,18,,Null
2009-02-19,2009,2,19,9.9,4
2009-02-20,2009,2,20,,Null
2009-02-21,2009,2,21,,Null
2009-02-22,2009,2,22,5.7,3
2009-02-23,2009,2,23,21.3,7
2009-02-24,2009,2,24,,Null
2009-02-25,2009,2,25,,Null
2009-02-26,2009,2,26,,Null
2009-02-27,2009,2,27,,Null
2009-02-28,2009,2,28,,Null
2009-03-01,2009,3,1,5,3
2009-03-02,2009,3,2,40.1,10
2009-03-03,2009,3,3,1,2
2009-03-04,2009,3,4,0,1
2009-03-05,2009,3,5,,Null
2009-03-06,2009,3,6,7.7,3
2009-03-07,2009,3,7,0.4,2
2009-03-08,2009,3,8,10.4,4
2009-03-09,2009,3,9,0,1
2009-03-10,2009,3,10,0,1
2009-03-11,2009,3,11,15.1,5
2009-03-12,2009,3,12,0,1
2009-03-13,2009,3,13,0,1
2009-03-14,2009,3,14,0,1
2009-03-15,2009,3,15,0,1
2009-03-16,2009,3,16,,Null
2009-03-17,2009,3,17,0,1
2009-03-18,2009,3,18,0,1
2009-03-19,2009,3,19,6,3
2009-03-20,2009,3,20,0.3,2
2009-03-21,2009,3,21,0,1
2009-03-22,2009,3,22,0,1
2009-03-23,2009,3,23,3.2,2
2009-03-24,2009,3,24,1,2
2009-03-25,2009,3,25,0,1
2009-03-26,2009,3,26,0,1
2009-03-27,2009,3,27,0,1
2009-03-28,2009,3,28,0,1
2009-03-29,2009,3,29,1.6,2
2009-03-30,2009,3,30,39.7,10
2009-03-31,2009,3,31,3.2,2
2009-04-01,2009,4,1,0.2,2
2009-04-02,2009,4,2,0,1
2009-04-03,2009,4,3,30.3,9
2009-04-04,2009,4,4,14.4,5
2009-04-05,2009,4,5,0.4,2
2009-04-06,2009,4,6,0,1
2009-04-07,2009,4,7,20.7,7
2009-04-08,2009,4,8,0,1
2009-04-09,2009,4,9,0,1
2009-04-10,2009,4,10,0,1
2009-04-11,2009,4,11,16,6
2009-04-12,2009,4,12,10.7,4
2009-04-13,2009,4,13,2.9,2
2009-04-14,2009,4,14,,Null
2009-04-15,2009,4,15,0,1
2009-04-16,2009,4,16,0,1
2009-04-17,2009,4,17,0,1
2009-04-18,2009,4,18,0,1
2009-04-19,2009,4,19,0,1
2009-04-20,2009,4,20,0,1
2009-04-21,2009,4,21,5.2,3
2009-04-22,2009,4,22,21.5,7
2009-04-23,2009,4,23,1,2
2009-04-24,2009,4,24,0,1
2009-04-25,2009,4,25,0.2,2
2009-04-26,2009,4,26,0.2,2
2009-04-27,2009,4,27,0,1
2009-04-28,2009,4,28,0,1
2009-04-29,2009,4,29,0,1
2009-04-30,2009,4,30,0,1
2009-05-01,2009,5,1,5.6,3
2009-05-02,2009,5,2,5.8,3
2009-05-03,2009,5,3,0.2,2
2009-05-04,2009,5,4,0,1
2009-05-05,2009,5,5,8.8,4
2009-05-06,2009,5,6,13.2,5
2009-05-07,2009,5,7,16.1,6
2009-05-08,2009,5,8,4.9,3
2009-05-09,2009,5,9,1.4,2
2009-05-10,2009,5,10,0.2,2
2009-05-11,2009,5,11,0,1
2009-05-12,2009,5,12,0,1
2009-05-13,2009,5,13,0.2,2
2009-05-14,2009,5,14,0,1
2009-05-15,2009,5,15,1.3,2
2009-05-16,2009,5,16,3.1,2
2009-05-17,2009,5,17,4.9,3
2009-05-18,2009,5,18,10,4
2009-05-19,2009,5,19,0.2,2
2009-05-20,2009,5,20,0.2,2
2009-05-21,2009,5,21,0,1
2009-05-22,2009,5,22,0,1
2009-05-23,2009,5,23,0,1
2009-05-24,2009,5,24,3.8,2
2009-05-25,2009,5,25,0.2,2
2009-05-26,2009,5,26,0,1
2009-05-27,2009,5,27,2.4,2
2009-05-28,2009,5,28,0.9,2
2009-05-29,2009,5,29,7.1,3
2009-05-30,2009,5,30,1.1,2
2009-05-31,2009,5,31,7.6,3
2009-06-01,2009,6,1,5.4,3
2009-06-02,2009,6,2,0,1
2009-06-03,2009,6,3,0,1
2009-06-04,2009,6,4,0,1
2009-06-05,2009,6,5,0,1
2009-06-06,2009,6,6,5.5,3
2009-06-07,2009,6,7,0.2,2
2009-06-08,2009,6,8,0,1
2009-06-09,2009,6,9,0,1
2009-06-10,2009,6,10,0,1
2009-06-11,2009,6,11,19.1,6
2009-06-12,2009,6,12,14.4,5
2009-06-13,2009,6,13,0,1
2009-06-14,2009,6,14,0,1
2009-06-15,2009,6,15,0.2,2
2009-06-16,2009,6,16,0,1
2009-06-17,2009,6,17,0,1
2009-06-18,2009,6,18,0,1
2009-06-19,2009,6,19,0,1
2009-06-20,2009,6,20,16.1,6
2009-06-21,2009,6,21,11.8,4
2009-06-22,2009,6,22,15.4,5
2009-06-23,2009,6,23,7.2,3
2009-06-24,2009,6,24,1.1,2
2009-06-25,2009,6,25,0.2,2
2009-06-26,2009,6,26,0,1
2009-06-27,2009,6,27,0.2,2
2009-06-28,2009,6,28,6,3
2009-06-29,2009,6,29,15.6,5
2009-06-30,2009,6,30,0.4,2
2009-07-01,2009,7,1,0.7,2
2009-07-02,2009,7,2,0.6,2
2009-07-03,2009,7,3,0.8,2
2009-07-04,2009,7,4,8.2,4
2009-07-05,2009,7,5,0.8,2
2009-07-06,2009,7,6,0,1
2009-07-07,2009,7,7,0,1
2009-07-08,2009,7,8,0,1
2009-07-09,2009,7,9,0,1
2009-07-10,2009,7,10,0,1
2009-07-11,2009,7,11,0,1
2009-07-12,2009,7,12,0,1
2009-07-13,2009,7,13,3.8,2
2009-07-14,2009,7,14,0,1
2009-07-15,2009,7,15,3.4,2
2009-07-16,2009,7,16,0.2,2
2009-07-17,2009,7,17,2.2,2
2009-07-18,2009,7,18,8.4,4
2009-07-19,2009,7,19,0.2,2
2009-07-20,2009,7,20,0,1
2009-07-21,2009,7,21,0,1
2009-07-22,2009,7,22,27.9,8
2009-07-23,2009,7,23,0.6,2
2009-07-24,2009,7,24,19.1,6
2009-07-25,2009,7,25,0.2,2
2009-07-26,2009,7,26,0,1
2009-07-27,2009,7,27,0.2,2
2009-07-28,2009,7,28,0,1
2009-07-29,2009,7,29,0,1
2009-07-30,2009,7,30,4,3
2009-07-31,2009,7,31,1.2,2
2009-08-01,2009,8,1,0.2,2
2009-08-02,2009,8,2,0.4,2
2009-08-03,2009,8,3,31.2,9
2009-08-04,2009,8,4,0,1
2009-08-05,2009,8,5,0,1
2009-08-06,2009,8,6,1,2
2009-08-07,2009,8,7,2.2,2
2009-08-08,2009,8,8,0,1
2009-08-09,2009,8,9,0,1
2009-08-10,2009,8,10,6.9,3
2009-08-11,2009,8,11,0.6,2
2009-08-12,2009,8,12,0.2,2
2009-08-13,2009,8,13,0,1
2009-08-14,2009,8,14,0,1
2009-08-15,2009,8,15,0,1
2009-08-16,2009,8,16,0,1
2009-08-17,2009,8,17,0,1
2009-08-18,2009,8,18,0,1
2009-08-19,2009,8,19,0,1
2009-08-20,2009,8,20,0,1
2009-08-21,2009,8,21,0,1
2009-08-22,2009,8,22,0,1
2009-08-23,2009,8,23,61.2,10
2009-08-24,2009,8,24,2.6,2
2009-08-25,2009,8,25,0.2,2
2009-08-26,2009,8,26,0,1
2009-08-27,2009,8,27,0,1
2009-08-28,2009,8,28,0,1
2009-08-29,2009,8,29,64.2,10
2009-08-30,2009,8,30,11.9,4
2009-08-31,2009,8,31,1.2,2
2009-09-01,2009,9,1,0.2,2
2009-09-02,2009,9,2,0,1
2009-09-03,2009,9,3,0,1
2009-09-04,2009,9,4,0,1
2009-09-05,2009,9,5,0,1
2009-09-06,2009,9,6,0,1
2009-09-07,2009,9,7,0,1
2009-09-08,2009,9,8,0,1
2009-09-09,2009,9,9,0,1
2009-09-10,2009,9,10,0,1
2009-09-11,2009,9,11,0,1
2009-09-12,2009,9,12,0,1
2009-09-13,2009,9,13,6.2,3
2009-09-14,2009,9,14,0.2,2
2009-09-15,2009,9,15,16.4,6
2009-09-16,2009,9,16,0.2,2
2009-09-17,2009,9,17,0,1
2009-09-18,2009,9,18,0,1
2009-09-19,2009,9,19,0,1
2009-09-20,2009,9,20,0,1
2009-09-21,2009,9,21,0,1
2009-09-22,2009,9,22,0,1
2009-09-23,2009,9,23,0,1
2009-09-24,2009,9,24,0.6,2
2009-09-25,2009,9,25,1.7,2
2009-09-26,2009,9,26,0.2,2
2009-09-27,2009,9,27,2.2,2
2009-09-28,2009,9,28,22.7,7
2009-09-29,2009,9,29,0,1
2009-09-30,2009,9,30,2.5,2
2009-10-01,2009,10,1,0.2,2
2009-10-02,2009,10,2,0,1
2009-10-03,2009,10,3,0.2,2
2009-10-04,2009,10,4,37.9,10
2009-10-05,2009,10,5,11.3,4
2009-10-06,2009,10,6,0.2,2
2009-10-07,2009,10,7,40,10
2009-10-08,2009,10,8,4.8,3
2009-10-09,2009,10,9,0.2,2
2009-10-10,2009,10,10,13.7,5
2009-10-11,2009,10,11,0.4,2
2009-10-12,2009,10,12,0.2,2
2009-10-13,2009,10,13,16.5,6
2009-10-14,2009,10,14,0.4,2
2009-10-15,2009,10,15,0.2,2
2009-10-16,2009,10,16,10,4
2009-10-17,2009,10,17,0,1
2009-10-18,2009,10,18,24.8,8
2009-10-19,2009,10,19,8.7,4
2009-10-20,2009,10,20,0,1
2009-10-21,2009,10,21,0,1
2009-10-22,2009,10,22,2.4,2
2009-10-23,2009,10,23,0.2,2
2009-10-24,2009,10,24,13.3,5
2009-10-25,2009,10,25,18.2,6
2009-10-26,2009,10,26,0,1
2009-10-27,2009,10,27,0,1
2009-10-28,2009,10,28,0,1
2009-10-29,2009,10,29,0,1
2009-10-30,2009,10,30,0,1
2009-10-31,2009,10,31,0,1
2009-11-01,2009,11,1,7.1,3
2009-11-02,2009,11,2,0,1
2009-11-03,2009,11,3,12.1,5
2009-11-04,2009,11,4,0,1
2009-11-05,2009,11,5,7.3,3
2009-11-06,2009,11,6,31.5,9
2009-11-07,2009,11,7,0,1
2009-11-08,2009,11,8,0,1
2009-11-09,2009,11,9,0,1
2009-11-10,2009,11,10,0,1
2009-11-11,2009,11,11,0,1
2009-11-12,2009,11,12,0,1
2009-11-13,2009,11,13,0,1
2009-11-14,2009,11,14,0,1
2009-11-15,2009,11,15,3.1,2
2009-11-16,2009,11,16,1.1,2
2009-11-17,2009,11,17,0.2,2
2009-11-18,2009,11,18,0.2,2
2009-11-19,2009,11,19,0,1
2009-11-20,2009,11,20,5.4,3
2009-11-21,2009,11,21,0,1
2009-11-22,2009,11,22,0,1
2009-11-23,2009,11,23,0,1
2009-11-24,2009,11,24,6.1,3
2009-11-25,2009,11,25,5.1,3
2009-11-26,2009,11,26,5.4,3
2009-11-27,2009,11,27,24.6,8
2009-11-28,2009,11,28,0.6,2
2009-11-29,2009,11,29,0,1
2009-11-30,2009,11,30,4.3,3
2009-12-01,2009,12,1,2.8,2
2009-12-02,2009,12,2,0,1
2009-12-03,2009,12,3,36.3,10
2009-12-04,2009,12,4,0,1
2009-12-05,2009,12,5,9.3,4
2009-12-06,2009,12,6,14.9,5
2009-12-07,2009,12,7,0.2,2
2009-12-08,2009,12,8,0,1
2009-12-09,2009,12,9,17.1,6
2009-12-10,2009,12,10,3.3,2
2009-12-11,2009,12,11,0,1
2009-12-12,2009,12,12,0.2,2
2009-12-13,2009,12,13,2.1,2
2009-12-14,2009,12,14,5.9,3
2009-12-15,2009,12,15,1.7,2
2009-12-16,2009,12,16,1.7,2
2009-12-17,2009,12,17,0.2,2
2009-12-18,2009,12,18,0.4,2
2009-12-19,2009,12,19,0,1
2009-12-20,2009,12,20,11.2,4
2009-12-21,2009,12,21,4.9,3
2009-12-22,2009,12,22,2,2
2009-12-23,2009,12,23,21.7,7
2009-12-24,2009,12,24,6.6,3
2009-12-25,2009,12,25,0,1
2009-12-26,2009,12,26,0,1
2009-12-27,2009,12,27,7.8,3
2009-12-28,2009,12,28,4.1,3
2009-12-29,2009,12,29,0.8,2
2009-12-30,2009,12,30,0,1
2009-12-31,2009,12,31,0,1
2010-01-01,2010,1,1,7.2,3
2010-01-02,2010,1,2,45.6,10
2010-01-03,2010,1,3,2.3,2
2010-01-04,2010,1,4,0.4,2
2010-01-05,2010,1,5,0.9,2
2010-01-06,2010,1,6,0,1
2010-01-07,2010,1,7,0.2,2
2010-01-08,2010,1,8,1.1,2
2010-01-09,2010,1,9,0.4,2
2010-01-10,2010,1,10,0,1
2010-01-11,2010,1,11,0,1
2010-01-12,2010,1,12,0,1
2010-01-13,2010,1,13,0,1
2010-01-14,2010,1,14,0,1
2010-01-15,2010,1,15,0,1
2010-01-16,2010,1,16,0,1
2010-01-17,2010,1,17,0,1
2010-01-18,2010,1,18,1.5,2
2010-01-19,2010,1,19,0,1
2010-01-20,2010,1,20,4.3,3
2010-01-21,2010,1,21,0.4,2
2010-01-22,2010,1,22,0.2,2
2010-01-23,2010,1,23,0,1
2010-01-24,2010,1,24,0,1
2010-01-25,2010,1,25,2.4,2
2010-01-26,2010,1,26,20,7
2010-01-27,2010,1,27,0,1
2010-01-28,2010,1,28,0.2,2
2010-01-29,2010,1,29,2.1,2
2010-01-30,2010,1,30,0,1
2010-01-31,2010,1,31,0,1
2010-02-01,2010,2,1,0.4,2
2010-02-02,2010,2,2,0,1
2010-02-03,2010,2,3,0.7,2
2010-02-04,2010,2,4,0,1
2010-02-05,2010,2,5,0,1
2010-02-06,2010,2,6,0,1
2010-02-07,2010,2,7,0.9,2
2010-02-08,2010,2,8,0.6,2
2010-02-09,2010,2,9,0,1
2010-02-10,2010,2,10,0.2,2
2010-02-11,2010,2,11,0,1
2010-02-12,2010,2,12,0,1
2010-02-13,2010,2,13,0,1
2010-02-14,2010,2,14,0,1
2010-02-15,2010,2,15,,Null
2010-02-16,2010,2,16,4.4,3
2010-02-17,2010,2,17,11.2,4
2010-02-18,2010,2,18,0.4,2
2010-02-19,2010,2,19,0,1
2010-02-20,2010,2,20,0,1
2010-02-21,2010,2,21,0.2,2
2010-02-22,2010,2,22,0,1
2010-02-23,2010,2,23,0.4,2
2010-02-24,2010,2,24,0,1
2010-02-25,2010,2,25,0,1
2010-02-26,2010,2,26,53.6,10
2010-02-27,2010,2,27,0,1
2010-02-28,2010,2,28,2.7,2
2010-03-01,2010,3,1,15.7,5
2010-03-02,2010,3,2,0,1
2010-03-03,2010,3,3,0,1
2010-03-04,2010,3,4,1.5,2
2010-03-05,2010,3,5,0,1
2010-03-06,2010,3,6,0,1
2010-03-07,2010,3,7,0.9,2
2010-03-08,2010,3,8,0.2,2
2010-03-09,2010,3,9,0,1
2010-03-10,2010,3,10,0,1
2010-03-11,2010,3,11,0.8,2
2010-03-12,2010,3,12,0.3,2
2010-03-13,2010,3,13,0,1
2010-03-14,2010,3,14,0,1
2010-03-15,2010,3,15,0,1
2010-03-16,2010,3,16,0.6,2
2010-03-17,2010,3,17,0.4,2
2010-03-18,2010,3,18,0,1
2010-03-19,2010,3,19,0.9,2
2010-03-20,2010,3,20,0,1
2010-03-21,2010,3,21,0,1
2010-03-22,2010,3,22,2.5,2
2010-03-23,2010,3,23,32.6,10
2010-03-24,2010,3,24,10.4,4
2010-03-25,2010,3,25,0.5,2
2010-03-26,2010,3,26,13.8,5
2010-03-27,2010,3,27,0,1
2010-03-28,2010,3,28,0.2,2
2010-03-29,2010,3,29,0,1
2010-03-30,2010,3,30,0.3,2
2010-03-31,2010,3,31,17,6
2010-04-01,2010,4,1,0.2,2
2010-04-02,2010,4,2,0.2,2
2010-04-03,2010,4,3,0.2,2
2010-04-04,2010,4,4,0,1
2010-04-05,2010,4,5,0,1
2010-04-06,2010,4,6,0,1
2010-04-07,2010,4,7,0.3,2
2010-04-08,2010,4,8,,Null
2010-04-09,2010,4,9,2.4,2
2010-04-10,2010,4,10,5.8,3
2010-04-11,2010,4,11,0,1
2010-04-12,2010,4,12,0,1
2010-04-13,2010,4,13,0,1
2010-04-14,2010,4,14,0.6,2
2010-04-15,2010,4,15,0.2,2
2010-04-16,2010,4,16,0,1
2010-04-17,2010,4,17,0,1
2010-04-18,2010,4,18,22.5,7
2010-04-19,2010,4,19,2.3,2
2010-04-20,2010,4,20,0.2,2
2010-04-21,2010,4,21,0,1
2010-04-22,2010,4,22,0,1
2010-04-23,2010,4,23,0,1
2010-04-24,2010,4,24,0,1
2010-04-25,2010,4,25,0,1
2010-04-26,2010,4,26,0,1
2010-04-27,2010,4,27,4.5,3
2010-04-28,2010,4,28,1.8,2
2010-04-29,2010,4,29,4.7,3
2010-04-30,2010,4,30,0.9,2
2010-05-01,2010,5,1,0,1
2010-05-02,2010,5,2,0,1
2010-05-03,2010,5,3,0,1
2010-05-04,2010,5,4,0,1
2010-05-05,2010,5,5,1.4,2
2010-05-06,2010,5,6,7.2,3
2010-05-07,2010,5,7,0,1
2010-05-08,2010,5,8,10.7,4
2010-05-09,2010,5,9,0.2,2
2010-05-10,2010,5,10,2.3,2
2010-05-11,2010,5,11,1.4,2
2010-05-12,2010,5,12,0,1
2010-05-13,2010,5,13,0,1
2010-05-14,2010,5,14,0,1
2010-05-15,2010,5,15,0,1
2010-05-16,2010,5,16,0.7,2
2010-05-17,2010,5,17,0.2,2
2010-05-18,2010,5,18,0,1
2010-05-19,2010,5,19,27.3,8
2010-05-20,2010,5,20,0.5,2
2010-05-21,2010,5,21,0,1
2010-05-22,2010,5,22,0.2,2
2010-05-23,2010,5,23,0,1
2010-05-24,2010,5,24,0,1
2010-05-25,2010,5,25,0,1
2010-05-26,2010,5,26,0,1
2010-05-27,2010,5,27,1.2,2
2010-05-28,2010,5,28,0.2,2
2010-05-29,2010,5,29,0,1
2010-05-30,2010,5,30,7.8,3
2010-05-31,2010,5,31,0.2,2
2010-06-01,2010,6,1,28.9,9
2010-06-02,2010,6,2,0,1
2010-06-03,2010,6,3,1.4,2
2010-06-04,2010,6,4,0.2,2
2010-06-05,2010,6,5,5.3,3
2010-06-06,2010,6,6,5.3,3
2010-06-07,2010,6,7,15,5
2010-06-08,2010,6,8,0,1
2010-06-09,2010,6,9,0,1
2010-06-10,2010,6,10,0,1
2010-06-11,2010,6,11,0,1
2010-06-12,2010,6,12,0,1
2010-06-13,2010,6,13,0,1
2010-06-14,2010,6,14,0.6,2
2010-06-15,2010,6,15,0.2,2
2010-06-16,2010,6,16,0,1
2010-06-17,2010,6,17,0.2,2
2010-06-18,2010,6,18,0.2,2
2010-06-19,2010,6,19,0,1
2010-06-20,2010,6,20,5.1,3
2010-06-21,2010,6,21,0.2,2
2010-06-22,2010,6,22,0,1
2010-06-23,2010,6,23,11.8,4
2010-06-24,2010,6,24,0.7,2
2010-06-25,2010,6,25,0,1
2010-06-26,2010,6,26,0,1
2010-06-27,2010,6,27,1.2,2
2010-06-28,2010,6,28,28.9,9
2010-06-29,2010,6,29,0.2,2
2010-06-30,2010,6,30,0.2,2
2010-07-01,2010,7,1,0,1
2010-07-02,2010,7,2,0,1
2010-07-03,2010,7,3,0,1
2010-07-04,2010,7,4,0,1
2010-07-05,2010,7,5,0,1
2010-07-06,2010,7,6,0.4,2
2010-07-07,2010,7,7,0.2,2
2010-07-08,2010,7,8,0,1
2010-07-09,2010,7,9,0,1
2010-07-10,2010,7,10,3.6,2
2010-07-11,2010,7,11,18.3,6
2010-07-12,2010,7,12,20,7
2010-07-13,2010,7,13,0,1
2010-07-14,2010,7,14,47.9,10
2010-07-15,2010,7,15,0.2,2
2010-07-16,2010,7,16,0.2,2
2010-07-17,2010,7,17,1,2
2010-07-18,2010,7,18,0,1
2010-07-19,2010,7,19,0,1
2010-07-20,2010,7,20,0,1
2010-07-21,2010,7,21,0,1
2010-07-22,2010,7,22,12,5
2010-07-23,2010,7,23,0.2,2
2010-07-24,2010,7,24,0,1
2010-07-25,2010,7,25,4.2,3
2010-07-26,2010,7,26,0.2,2
2010-07-27,2010,7,27,,Null
2010-07-28,2010,7,28,0,1
2010-07-29,2010,7,29,4,3
2010-07-30,2010,7,30,0.2,2
2010-07-31,2010,7,31,0,1
2010-08-01,2010,8,1,0,1
2010-08-02,2010,8,2,0,1
2010-08-03,2010,8,3,0,1
2010-08-04,2010,8,4,22.3,7
2010-08-05,2010,8,5,0.8,2
2010-08-06,2010,8,6,5.2,3
2010-08-07,2010,8,7,0,1
2010-08-08,2010,8,8,0,1
2010-08-09,2010,8,9,0,1
2010-08-10,2010,8,10,4.2,3
2010-08-11,2010,8,11,2.1,2
2010-08-12,2010,8,12,0.2,2
2010-08-13,2010,8,13,0.2,2
2010-08-14,2010,8,14,0,1
2010-08-15,2010,8,15,0,1
2010-08-16,2010,8,16,0,1
2010-08-17,2010,8,17,0.6,2
2010-08-18,2010,8,18,0,1
2010-08-19,2010,8,19,0,1
2010-08-20,2010,8,20,0,1
2010-08-21,2010,8,21,0,1
2010-08-22,2010,8,22,0,1
2010-08-23,2010,8,23,0,1
2010-08-24,2010,8,24,0,1
2010-08-25,2010,8,25,8.2,4
2010-08-26,2010,8,26,2.2,2
2010-08-27,2010,8,27,0.2,2
2010-08-28,2010,8,28,0,1
2010-08-29,2010,8,29,0,1
2010-08-30,2010,8,30,0,1
2010-08-31,2010,8,31,0,1
2010-09-01,2010,9,1,0,1
2010-09-02,2010,9,2,0,1
2010-09-03,2010,9,3,0,1
2010-09-04,2010,9,4,21.3,7
2010-09-05,2010,9,5,0,1
2010-09-06,2010,9,6,0.2,2
2010-09-07,2010,9,7,0,1
2010-09-08,2010,9,8,0,1
2010-09-09,2010,9,9,0,1
2010-09-10,2010,9,10,1,2
2010-09-11,2010,9,11,0,1
2010-09-12,2010,9,12,0,1
2010-09-13,2010,9,13,0,1
2010-09-14,2010,9,14,0.3,2
2010-09-15,2010,9,15,2.6,2
2010-09-16,2010,9,16,0.2,2
2010-09-17,2010,9,17,33.9,10
2010-09-18,2010,9,18,0.2,2
2010-09-19,2010,9,19,0.8,2
2010-09-20,2010,9,20,0,1
2010-09-21,2010,9,21,0,1
2010-09-22,2010,9,22,0,1
2010-09-23,2010,9,23,0,1
2010-09-24,2010,9,24,0.4,2
2010-09-25,2010,9,25,0.2,2
2010-09-26,2010,9,26,0,1
2010-09-27,2010,9,27,0,1
2010-09-28,2010,9,28,2.4,2
2010-09-29,2010,9,29,0,1
2010-09-30,2010,9,30,0,1
2010-10-01,2010,10,1,0,1
2010-10-02,2010,10,2,10.5,4
2010-10-03,2010,10,3,0.2,2
2010-10-04,2010,10,4,2.6,2
2010-10-05,2010,10,5,1.2,2
2010-10-06,2010,10,6,1.9,2
2010-10-07,2010,10,7,16.6,6
2010-10-08,2010,10,8,0.2,2
2010-10-09,2010,10,9,0.2,2
2010-10-10,2010,10,10,0,1
2010-10-11,2010,10,11,0,1
2010-10-12,2010,10,12,0,1
2010-10-13,2010,10,13,0,1
2010-10-14,2010,10,14,0.2,2
2010-10-15,2010,10,15,33.6,10
2010-10-16,2010,10,16,22.7,7
2010-10-17,2010,10,17,0.2,2
2010-10-18,2010,10,18,0,1
2010-10-19,2010,10,19,0,1
2010-10-20,2010,10,20,0.3,2
2010-10-21,2010,10,21,3.6,2
2010-10-22,2010,10,22,0.2,2
2010-10-23,2010,10,23,0,1
2010-10-24,2010,10,24,0,1
2010-10-25,2010,10,25,0,1
2010-10-26,2010,10,26,21.9,7
2010-10-27,2010,10,27,39.4,10
2010-10-28,2010,10,28,2.4,2
2010-10-29,2010,10,29,0.9,2
2010-10-30,2010,10,30,0.4,2
2010-10-31,2010,10,31,5.8,3
2010-11-01,2010,11,1,0.2,2
2010-11-02,2010,11,2,0,1
2010-11-03,2010,11,3,0,1
2010-11-04,2010,11,4,3,2
2010-11-05,2010,11,5,20.1,7
2010-11-06,2010,11,6,39.4,10
2010-11-07,2010,11,7,26.7,8
2010-11-08,2010,11,8,15.5,5
2010-11-09,2010,11,9,11,4
2010-11-10,2010,11,10,2,2
2010-11-11,2010,11,11,0.2,2
2010-11-12,2010,11,12,0,1
2010-11-13,2010,11,13,0,1
2010-11-14,2010,11,14,0,1
2010-11-15,2010,11,15,0,1
2010-11-16,2010,11,16,3.7,2
2010-11-17,2010,11,17,12.2,5
2010-11-18,2010,11,18,0,1
2010-11-19,2010,11,19,0,1
2010-11-20,2010,11,20,1.1,2
2010-11-21,2010,11,21,0,1
2010-11-22,2010,11,22,3.5,2
2010-11-23,2010,11,23,14,5
2010-11-24,2010,11,24,1.7,2
2010-11-25,2010,11,25,0,1
2010-11-26,2010,11,26,8,4
2010-11-27,2010,11,27,0.2,2
2010-11-28,2010,11,28,0,1
2010-11-29,2010,11,29,0,1
2010-11-30,2010,11,30,0,1
2010-12-01,2010,12,1,0.3,2
2010-12-02,2010,12,2,1.6,2
2010-12-03,2010,12,3,5.1,3
2010-12-04,2010,12,4,26.6,8
2010-12-05,2010,12,5,18.2,6
2010-12-06,2010,12,6,6,3
2010-12-07,2010,12,7,2.9,2
2010-12-08,2010,12,8,0.2,2
2010-12-09,2010,12,9,0,1
2010-12-10,2010,12,10,0,1
2010-12-11,2010,12,11,1.5,2
2010-12-12,2010,12,12,0.2,2
2010-12-13,2010,12,13,1.2,2
2010-12-14,2010,12,14,36.2,10
2010-12-15,2010,12,15,0.4,2
2010-12-16,2010,12,16,0.2,2
2010-12-17,2010,12,17,2.8,2
2010-12-18,2010,12,18,0.2,2
2010-12-19,2010,12,19,0,1
2010-12-20,2010,12,20,4.3,3
2010-12-21,2010,12,21,1.9,2
2010-12-22,2010,12,22,5.8,3
2010-12-23,2010,12,23,4.1,3
2010-12-24,2010,12,24,0,1
2010-12-25,2010,12,25,0.2,2
2010-12-26,2010,12,26,7.8,3
2010-12-27,2010,12,27,58.1,10
2010-12-28,2010,12,28,0.7,2
2010-12-29,2010,12,29,0,1
2010-12-30,2010,12,30,0.2,2
2010-12-31,2010,12,31,0,1
2011-01-01,2011,1,1,0,1
2011-01-02,2011,1,2,0.7,2
2011-01-03,2011,1,3,16,6
2011-01-04,2011,1,4,0.3,2
2011-01-05,2011,1,5,0,1
2011-01-06,2011,1,6,,Null
2011-01-07,2011,1,7,4.7,3
2011-01-08,2011,1,8,0.9,2
2011-01-09,2011,1,9,6.1,3
2011-01-10,2011,1,10,0,1
2011-01-11,2011,1,11,0,1
2011-01-12,2011,1,12,9.4,4
2011-01-13,2011,1,13,0.4,2
2011-01-14,2011,1,14,0,1
2011-01-15,2011,1,15,1,2
2011-01-16,2011,1,16,2.1,2
2011-01-17,2011,1,17,0.2,2
2011-01-18,2011,1,18,0.5,2
2011-01-19,2011,1,19,21.7,7
2011-01-20,2011,1,20,1.6,2
2011-01-21,2011,1,21,11.9,4
2011-01-22,2011,1,22,0,1
2011-01-23,2011,1,23,0,1
2011-01-24,2011,1,24,0,1
2011-01-25,2011,1,25,1.9,2
2011-01-26,2011,1,26,1.1,2
2011-01-27,2011,1,27,19.7,6
2011-01-28,2011,1,28,0,1
2011-01-29,2011,1,29,0.5,2
2011-01-30,2011,1,30,1.6,2
2011-01-31,2011,1,31,0.5,2
2011-02-01,2011,2,1,7.4,3
2011-02-02,2011,2,2,14.4,5
2011-02-03,2011,2,3,0.9,2
2011-02-04,2011,2,4,0.9,2
2011-02-05,2011,2,5,1.4,2
2011-02-06,2011,2,6,30.2,9
2011-02-07,2011,2,7,0,1
2011-02-08,2011,2,8,16.2,6
2011-02-09,2011,2,9,0.5,2
2011-02-10,2011,2,10,0,1
2011-02-11,2011,2,11,0.2,2
2011-02-12,2011,2,12,0.2,2
2011-02-13,2011,2,13,0.8,2
2011-02-14,2011,2,14,0.7,2
2011-02-15,2011,2,15,0.2,2
2011-02-16,2011,2,16,0.2,2
2011-02-17,2011,2,17,0,1
2011-02-18,2011,2,18,3.7,2
2011-02-19,2011,2,19,6.8,3
2011-02-20,2011,2,20,0.4,2
2011-02-21,2011,2,21,0.2,2
2011-02-22,2011,2,22,0,1
2011-02-23,2011,2,23,0,1
2011-02-24,2011,2,24,0,1
2011-02-25,2011,2,25,38.6,10
2011-02-26,2011,2,26,2.8,2
2011-02-27,2011,2,27,0,1
2011-02-28,2011,2,28,29.7,9
2011-03-01,2011,3,1,0,1
2011-03-02,2011,3,2,3.4,2
2011-03-03,2011,3,3,0.2,2
2011-03-04,2011,3,4,0.2,2
2011-03-05,2011,3,5,0,1
2011-03-06,2011,3,6,0,1
2011-03-07,2011,3,7,15,5
2011-03-08,2011,3,8,0.2,2
2011-03-09,2011,3,9,0,1
2011-03-10,2011,3,10,0,1
2011-03-11,2011,3,11,0.9,2
2011-03-12,2011,3,12,18,6
2011-03-13,2011,3,13,0,1
2011-03-14,2011,3,14,0.2,2
2011-03-15,2011,3,15,0.2,2
2011-03-16,2011,3,16,16.2,6
2011-03-17,2011,3,17,0.2,2
2011-03-18,2011,3,18,0.2,2
2011-03-19,2011,3,19,0,1
2011-03-20,2011,3,20,0.2,2
2011-03-21,2011,3,21,0,1
2011-03-22,2011,3,22,0,1
2011-03-23,2011,3,23,0,1
2011-03-24,2011,3,24,0,1
2011-03-25,2011,3,25,0,1
2011-03-26,2011,3,26,0,1
2011-03-27,2011,3,27,0,1
2011-03-28,2011,3,28,0,1
2011-03-29,2011,3,29,0,1
2011-03-30,2011,3,30,0,1
2011-03-31,2011,3,31,0,1
2011-04-01,2011,4,1,29.7,9
2011-04-02,2011,4,2,0.5,2
2011-04-03,2011,4,3,0.2,2
2011-04-04,2011,4,4,5.1,3
2011-04-05,2011,4,5,10.2,4
2011-04-06,2011,4,6,0.2,2
2011-04-07,2011,4,7,0,1
2011-04-08,2011,4,8,0,1
2011-04-09,2011,4,9,0,1
2011-04-10,2011,4,10,0,1
2011-04-11,2011,4,11,6.9,3
2011-04-12,2011,4,12,1,2
2011-04-13,2011,4,13,0.4,2
2011-04-14,2011,4,14,5.5,3
2011-04-15,2011,4,15,0,1
2011-04-16,2011,4,16,0.2,2
2011-04-17,2011,4,17,6.2,3
2011-04-18,2011,4,18,0.2,2
2011-04-19,2011,4,19,9.8,4
2011-04-20,2011,4,20,4.3,3
2011-04-21,2011,4,21,1.2,2
2011-04-22,2011,4,22,0.2,2
2011-04-23,2011,4,23,2.7,2
2011-04-24,2011,4,24,2.7,2
2011-04-25,2011,4,25,0,1
2011-04-26,2011,4,26,13.7,5
2011-04-27,2011,4,27,2.7,2
2011-04-28,2011,4,28,3.2,2
2011-04-29,2011,4,29,2.3,2
2011-04-30,2011,4,30,0,1
2011-05-01,2011,5,1,0,1
2011-05-02,2011,5,2,1.7,2
2011-05-03,2011,5,3,0.4,2
2011-05-04,2011,5,4,2,2
2011-05-05,2011,5,5,14,5
2011-05-06,2011,5,6,0,1
2011-05-07,2011,5,7,13,5
2011-05-08,2011,5,8,4.8,3
2011-05-09,2011,5,9,34,10
2011-05-10,2011,5,10,36.5,10
2011-05-11,2011,5,11,5.9,3
2011-05-12,2011,5,12,0.9,2
2011-05-13,2011,5,13,0,1
2011-05-14,2011,5,14,0,1
2011-05-15,2011,5,15,0.2,2
2011-05-16,2011,5,16,11.2,4
2011-05-17,2011,5,17,0.8,2
2011-05-18,2011,5,18,0,1
2011-05-19,2011,5,19,0.2,2
2011-05-20,2011,5,20,4,3
2011-05-21,2011,5,21,11.3,4
2011-05-22,2011,5,22,0,1
2011-05-23,2011,5,23,0,1
2011-05-24,2011,5,24,1.5,2
2011-05-25,2011,5,25,1.1,2
2011-05-26,2011,5,26,0,1
2011-05-27,2011,5,27,0,1
2011-05-28,2011,5,28,0,1
2011-05-29,2011,5,29,0.2,2
2011-05-30,2011,5,30,3.2,2
2011-05-31,2011,5,31,0,1
2011-06-01,2011,6,1,5.9,3
2011-06-02,2011,6,2,6.1,3
2011-06-03,2011,6,3,0.7,2
2011-06-04,2011,6,4,0,1
2011-06-05,2011,6,5,0,1
2011-06-06,2011,6,6,6.4,3
2011-06-07,2011,6,7,0.6,2
2011-06-08,2011,6,8,0,1
2011-06-09,2011,6,9,0.2,2
2011-06-10,2011,6,10,0.5,2
2011-06-11,2011,6,11,0.3,2
2011-06-12,2011,6,12,0,1
2011-06-13,2011,6,13,28.6,9
2011-06-14,2011,6,14,49.6,10
2011-06-15,2011,6,15,43.5,10
2011-06-16,2011,6,16,0.3,2
2011-06-17,2011,6,17,0,1
2011-06-18,2011,6,18,7.1,3
2011-06-19,2011,6,19,2.6,2
2011-06-20,2011,6,20,0,1
2011-06-21,2011,6,21,0,1
2011-06-22,2011,6,22,0,1
2011-06-23,2011,6,23,0,1
2011-06-24,2011,6,24,0,1
2011-06-25,2011,6,25,7.6,3
2011-06-26,2011,6,26,0.2,2
2011-06-27,2011,6,27,0,1
2011-06-28,2011,6,28,0,1
2011-06-29,2011,6,29,0.6,2
2011-06-30,2011,6,30,0.2,2
2011-07-01,2011,7,1,0,1
2011-07-02,2011,7,2,0,1
2011-07-03,2011,7,3,0,1
2011-07-04,2011,7,4,0.2,2
2011-07-05,2011,7,5,0,1
2011-07-06,2011,7,6,0,1
2011-07-07,2011,7,7,0,1
2011-07-08,2011,7,8,0,1
2011-07-09,2011,7,9,37.1,10
2011-07-10,2011,7,10,0,1
2011-07-11,2011,7,11,0,1
2011-07-12,2011,7,12,2.7,2
2011-07-13,2011,7,13,0.2,2
2011-07-14,2011,7,14,4.4,3
2011-07-15,2011,7,15,1.6,2
2011-07-16,2011,7,16,0,1
2011-07-17,2011,7,17,0,1
2011-07-18,2011,7,18,0,1
2011-07-19,2011,7,19,0,1
2011-07-20,2011,7,20,0,1
2011-07-21,2011,7,21,1.4,2
2011-07-22,2011,7,22,0,1
2011-07-23,2011,7,23,0,1
2011-07-24,2011,7,24,0,1
2011-07-25,2011,7,25,0,1
2011-07-26,2011,7,26,20.9,7
2011-07-27,2011,7,27,0,1
2011-07-28,2011,7,28,0,1
2011-07-29,2011,7,29,0,1
2011-07-30,2011,7,30,20.3,7
2011-07-31,2011,7,31,0,1
2011-08-01,2011,8,1,0,1
2011-08-02,2011,8,2,40.9,10
2011-08-03,2011,8,3,16.4,6
2011-08-04,2011,8,4,0.3,2
2011-08-05,2011,8,5,0.2,2
2011-08-06,2011,8,6,0,1
2011-08-07,2011,8,7,1.7,2
2011-08-08,2011,8,8,96,10
2011-08-09,2011,8,9,0.8,2
2011-08-10,2011,8,10,5.3,3
2011-08-11,2011,8,11,1.2,2
2011-08-12,2011,8,12,0,1
2011-08-13,2011,8,13,0,1
2011-08-14,2011,8,14,0,1
2011-08-15,2011,8,15,1.7,2
2011-08-16,2011,8,16,2.9,2
2011-08-17,2011,8,17,0,1
2011-08-18,2011,8,18,0,1
2011-08-19,2011,8,19,0,1
2011-08-20,2011,8,20,0,1
2011-08-21,2011,8,21,0,1
2011-08-22,2011,8,22,3,2
2011-08-23,2011,8,23,0,1
2011-08-24,2011,8,24,0,1
2011-08-25,2011,8,25,0.2,2
2011-08-26,2011,8,26,1.2,2
2011-08-27,2011,8,27,0,1
2011-08-28,2011,8,28,6.5,3
2011-08-29,2011,8,29,0,1
2011-08-30,2011,8,30,0,1
2011-08-31,2011,8,31,0,1
2011-09-01,2011,9,1,0,1
2011-09-02,2011,9,2,0,1
2011-09-03,2011,9,3,0,1
2011-09-04,2011,9,4,0,1
2011-09-05,2011,9,5,0,1
2011-09-06,2011,9,6,5.5,3
2011-09-07,2011,9,7,0.2,2
2011-09-08,2011,9,8,5.9,3
2011-09-09,2011,9,9,0.3,2
2011-09-10,2011,9,10,0,1
2011-09-11,2011,9,11,0,1
2011-09-12,2011,9,12,0,1
2011-09-13,2011,9,13,0,1
2011-09-14,2011,9,14,0,1
2011-09-15,2011,9,15,4.8,3
2011-09-16,2011,9,16,0,1
2011-09-17,2011,9,17,0,1
2011-09-18,2011,9,18,0,1
2011-09-19,2011,9,19,,Null
2011-09-20,2011,9,20,,Null
2011-09-21,2011,9,21,0,1
2011-09-22,2011,9,22,9.6,4
2011-09-23,2011,9,23,0,1
2011-09-24,2011,9,24,15.8,5
2011-09-25,2011,9,25,0.2,2
2011-09-26,2011,9,26,0,1
2011-09-27,2011,9,27,0,1
2011-09-28,2011,9,28,0,1
2011-09-29,2011,9,29,2.2,2
2011-09-30,2011,9,30,1.1,2
2011-10-01,2011,10,1,14.9,5
2011-10-02,2011,10,2,23.6,7
2011-10-03,2011,10,3,4.6,3
2011-10-04,2011,10,4,46.6,10
2011-10-05,2011,10,5,36.7,10
2011-10-06,2011,10,6,0.2,2
2011-10-07,2011,10,7,0,1
2011-10-08,2011,10,8,0,1
2011-10-09,2011,10,9,0,1
2011-10-10,2011,10,10,0,1
2011-10-11,2011,10,11,0,1
2011-10-12,2011,10,12,0,1
2011-10-13,2011,10,13,15.5,5
2011-10-14,2011,10,14,27.4,8
2011-10-15,2011,10,15,1.2,2
2011-10-16,2011,10,16,0,1
2011-10-17,2011,10,17,3.9,2
2011-10-18,2011,10,18,0,1
2011-10-19,2011,10,19,12.3,5
2011-10-20,2011,10,20,71.3,10
2011-10-21,2011,10,21,0.2,2
2011-10-22,2011,10,22,0,1
2011-10-23,2011,10,23,0,1
2011-10-24,2011,10,24,0.2,2
2011-10-25,2011,10,25,0.6,2
2011-10-26,2011,10,26,0,1
2011-10-27,2011,10,27,2.3,2
2011-10-28,2011,10,28,3,2
2011-10-29,2011,10,29,6.3,3
2011-10-30,2011,10,30,42.8,10
2011-10-31,2011,10,31,0,1
2011-11-01,2011,11,1,0.3,2
2011-11-02,2011,11,2,0,1
2011-11-03,2011,11,3,0,1
2011-11-04,2011,11,4,0.5,2
2011-11-05,2011,11,5,0.2,2
2011-11-06,2011,11,6,0,1
2011-11-07,2011,11,7,0,1
2011-11-08,2011,11,8,0,1
2011-11-09,2011,11,9,,Null
2011-11-10,2011,11,10,0,1
2011-11-11,2011,11,11,100,10
2011-11-12,2011,11,12,0,1
2011-11-13,2011,11,13,0,1
2011-11-14,2011,11,14,0,1
2011-11-15,2011,11,15,1.4,2
2011-11-16,2011,11,16,13.1,5
2011-11-17,2011,11,17,10,4
2011-11-18,2011,11,18,1.6,2
2011-11-19,2011,11,19,0,1
2011-11-20,2011,11,20,0,1
2011-11-21,2011,11,21,0.2,2
2011-11-22,2011,11,22,0,1
2011-11-23,2011,11,23,41,10
2011-11-24,2011,11,24,0.5,2
2011-11-25,2011,11,25,0,1
2011-11-26,2011,11,26,0,1
2011-11-27,2011,11,27,0,1
2011-11-28,2011,11,28,0,1
2011-11-29,2011,11,29,0,1
2011-11-30,2011,11,30,4.3,3
2011-12-01,2011,12,1,0,1
2011-12-02,2011,12,2,0,1
2011-12-03,2011,12,3,0,1
2011-12-04,2011,12,4,0,1
2011-12-05,2011,12,5,0,1
2011-12-06,2011,12,6,9.4,4
2011-12-07,2011,12,7,14.1,5
2011-12-08,2011,12,8,18.5,6
2011-12-09,2011,12,9,0.2,2
2011-12-10,2011,12,10,4.6,3
2011-12-11,2011,12,11,0.2,2
2011-12-12,2011,12,12,0,1
2011-12-13,2011,12,13,0,1
2011-12-14,2011,12,14,0,1
2011-12-15,2011,12,15,15.3,5
2011-12-16,2011,12,16,6,3
2011-12-17,2011,12,17,0,1
2011-12-18,2011,12,18,0,1
2011-12-19,2011,12,19,0.9,2
2011-12-20,2011,12,20,1.4,2
2011-12-21,2011,12,21,21.5,7
2011-12-22,2011,12,22,6.7,3
2011-12-23,2011,12,23,9.2,4
2011-12-24,2011,12,24,0,1
2011-12-25,2011,12,25,0.2,2
2011-12-26,2011,12,26,0,1
2011-12-27,2011,12,27,0,1
2011-12-28,2011,12,28,16.4,6
2011-12-29,2011,12,29,,Null
2011-12-30,2011,12,30,0,1
2011-12-31,2011,12,31,33.6,10
2012-01-01,2012,1,1,2,2
2012-01-02,2012,1,2,11.8,4
2012-01-03,2012,1,3,0,1
2012-01-04,2012,1,4,0,1
2012-01-05,2012,1,5,1.8,2
2012-01-06,2012,1,6,0.5,2
2012-01-07,2012,1,7,1.7,2
2012-01-08,2012,1,8,0,1
2012-01-09,2012,1,9,0.2,2
2012-01-10,2012,1,10,0.3,2
2012-01-11,2012,1,11,0.2,2
2012-01-12,2012,1,12,12.4,5
2012-01-13,2012,1,13,11.9,4
2012-01-14,2012,1,14,0.2,2
2012-01-15,2012,1,15,0.2,2
2012-01-16,2012,1,16,0.2,2
2012-01-17,2012,1,17,1.1,2
2012-01-18,2012,1,18,2,2
2012-01-19,2012,1,19,0.2,2
2012-01-20,2012,1,20,11.3,4
2012-01-21,2012,1,21,0.5,2
2012-01-22,2012,1,22,0,1
2012-01-23,2012,1,23,0.3,2
2012-01-24,2012,1,24,26.4,8
2012-01-25,2012,1,25,0.2,2
2012-01-26,2012,1,26,0,1
2012-01-27,2012,1,27,39.6,10
2012-01-28,2012,1,28,0.3,2
2012-01-29,2012,1,29,0.3,2
2012-01-30,2012,1,30,1,2
2012-01-31,2012,1,31,0,1
2012-02-01,2012,2,1,4.5,3
2012-02-02,2012,2,2,0.7,2
2012-02-03,2012,2,3,0,1
2012-02-04,2012,2,4,0,1
2012-02-05,2012,2,5,0.2,2
2012-02-06,2012,2,6,0,1
2012-02-07,2012,2,7,0,1
2012-02-08,2012,2,8,0,1
2012-02-09,2012,2,9,0,1
2012-02-10,2012,2,10,0,1
2012-02-11,2012,2,11,53.4,10
2012-02-12,2012,2,12,1.4,2
2012-02-13,2012,2,13,0.2,2
2012-02-14,2012,2,14,0,1
2012-02-15,2012,2,15,0,1
2012-02-16,2012,2,16,0,1
2012-02-17,2012,2,17,3.7,2
2012-02-18,2012,2,18,8.7,4
2012-02-19,2012,2,19,0,1
2012-02-20,2012,2,20,0.2,2
2012-02-21,2012,2,21,0,1
2012-02-22,2012,2,22,12.7,5
2012-02-23,2012,2,23,7.9,3
2012-02-24,2012,2,24,0,1
2012-02-25,2012,2,25,22.9,7
2012-02-26,2012,2,26,0.3,2
2012-02-27,2012,2,27,2.8,2
2012-02-28,2012,2,28,5.2,3
2012-02-29,2012,2,29,,Null
2012-03-01,2012,3,1,1.6,2
2012-03-02,2012,3,2,2.3,2
2012-03-03,2012,3,3,11.1,4
2012-03-04,2012,3,4,2.9,2
2012-03-05,2012,3,5,3.6,2
2012-03-06,2012,3,6,0.2,2
2012-03-07,2012,3,7,0,1
2012-03-08,2012,3,8,0,1
2012-03-09,2012,3,9,2.4,2
2012-03-10,2012,3,10,0.2,2
2012-03-11,2012,3,11,0,1
2012-03-12,2012,3,12,0,1
2012-03-13,2012,3,13,5.3,3
2012-03-14,2012,3,14,12.1,5
2012-03-15,2012,3,15,10.8,4
2012-03-16,2012,3,16,8.3,4
2012-03-17,2012,3,17,1.6,2
2012-03-18,2012,3,18,0,1
2012-03-19,2012,3,19,0,1
2012-03-20,2012,3,20,0,1
2012-03-21,2012,3,21,0,1
2012-03-22,2012,3,22,0,1
2012-03-23,2012,3,23,0,1
2012-03-24,2012,3,24,0,1
2012-03-25,2012,3,25,0.8,2
2012-03-26,2012,3,26,3,2
2012-03-27,2012,3,27,0,1
2012-03-28,2012,3,28,0,1
2012-03-29,2012,3,29,0,1
2012-03-30,2012,3,30,0,1
2012-03-31,2012,3,31,0,1
2012-04-01,2012,4,1,0,1
2012-04-02,2012,4,2,0,1
2012-04-03,2012,4,3,0,1
2012-04-04,2012,4,4,0,1
2012-04-05,2012,4,5,0,1
2012-04-06,2012,4,6,0,1
2012-04-07,2012,4,7,1.6,2
2012-04-08,2012,4,8,4.3,3
2012-04-09,2012,4,9,0.2,2
2012-04-10,2012,4,10,0,1
2012-04-11,2012,4,11,1.9,2
2012-04-12,2012,4,12,3.3,2
2012-04-13,2012,4,13,0,1
2012-04-14,2012,4,14,0,1
2012-04-15,2012,4,15,0,1
2012-04-16,2012,4,16,0,1
2012-04-17,2012,4,17,0,1
2012-04-18,2012,4,18,0.2,2
2012-04-19,2012,4,19,0,1
2012-04-20,2012,4,20,0,1
2012-04-21,2012,4,21,0,1
2012-04-22,2012,4,22,2.8,2
2012-04-23,2012,4,23,2.1,2
2012-04-24,2012,4,24,16.6,6
2012-04-25,2012,4,25,5.2,3
2012-04-26,2012,4,26,0,1
2012-04-27,2012,4,27,25.6,8
2012-04-28,2012,4,28,0,1
2012-04-29,2012,4,29,0,1
2012-04-30,2012,4,30,0,1
2012-05-01,2012,5,1,0,1
2012-05-02,2012,5,2,0,1
2012-05-03,2012,5,3,0,1
2012-05-04,2012,5,4,0,1
2012-05-05,2012,5,5,0,1
2012-05-06,2012,5,6,0,1
2012-05-07,2012,5,7,1.1,2
2012-05-08,2012,5,8,0.6,2
2012-05-09,2012,5,9,10.7,4
2012-05-10,2012,5,10,8.9,4
2012-05-11,2012,5,11,0,1
2012-05-12,2012,5,12,0.2,2
2012-05-13,2012,5,13,0,1
2012-05-14,2012,5,14,0,1
2012-05-15,2012,5,15,0,1
2012-05-16,2012,5,16,6.4,3
2012-05-17,2012,5,17,11.9,4
2012-05-18,2012,5,18,0.2,2
2012-05-19,2012,5,19,0,1
2012-05-20,2012,5,20,0,1
2012-05-21,2012,5,21,0,1
2012-05-22,2012,5,22,29.5,9
2012-05-23,2012,5,23,0.6,2
2012-05-24,2012,5,24,0.2,2
2012-05-25,2012,5,25,0,1
2012-05-26,2012,5,26,0,1
2012-05-27,2012,5,27,0,1
2012-05-28,2012,5,28,0.8,2
2012-05-29,2012,5,29,6.6,3
2012-05-30,2012,5,30,7.6,3
2012-05-31,2012,5,31,0.2,2
2012-06-01,2012,6,1,0.2,2
2012-06-02,2012,6,2,0,1
2012-06-03,2012,6,3,0,1
2012-06-04,2012,6,4,7.2,3
2012-06-05,2012,6,5,3.3,2
2012-06-06,2012,6,6,2.8,2
2012-06-07,2012,6,7,0.2,2
2012-06-08,2012,6,8,0,1
2012-06-09,2012,6,9,22.6,7
2012-06-10,2012,6,10,1.2,2
2012-06-11,2012,6,11,0,1
2012-06-12,2012,6,12,0,1
2012-06-13,2012,6,13,0.2,2
2012-06-14,2012,6,14,0,1
2012-06-15,2012,6,15,0,1
2012-06-16,2012,6,16,0,1
2012-06-17,2012,6,17,0,1
2012-06-18,2012,6,18,0,1
2012-06-19,2012,6,19,0,1
2012-06-20,2012,6,20,0,1
2012-06-21,2012,6,21,0,1
2012-06-22,2012,6,22,0,1
2012-06-23,2012,6,23,17.8,6
2012-06-24,2012,6,24,0.2,2
2012-06-25,2012,6,25,0.2,2
2012-06-26,2012,6,26,37.2,10
2012-06-27,2012,6,27,0,1
2012-06-28,2012,6,28,0,1
2012-06-29,2012,6,29,0,1
2012-06-30,2012,6,30,0,1
2012-07-01,2012,7,1,0,1
2012-07-02,2012,7,2,0,1
2012-07-03,2012,7,3,0,1
2012-07-04,2012,7,4,0,1
2012-07-05,2012,7,5,7.6,3
2012-07-06,2012,7,6,2.6,2
2012-07-07,2012,7,7,0,1
2012-07-08,2012,7,8,0,1
2012-07-09,2012,7,9,0,1
2012-07-10,2012,7,10,0,1
2012-07-11,2012,7,11,0,1
2012-07-12,2012,7,12,0,1
2012-07-13,2012,7,13,0,1
2012-07-14,2012,7,14,0,1
2012-07-15,2012,7,15,0,1
2012-07-16,2012,7,16,0.8,2
2012-07-17,2012,7,17,0.2,2
2012-07-18,2012,7,18,1.1,2
2012-07-19,2012,7,19,0,1
2012-07-20,2012,7,20,0,1
2012-07-21,2012,7,21,0,1
2012-07-22,2012,7,22,0,1
2012-07-23,2012,7,23,,Null
2012-07-24,2012,7,24,21.5,7
2012-07-25,2012,7,25,16,6
2012-07-26,2012,7,26,0,1
2012-07-27,2012,7,27,7.4,3
2012-07-28,2012,7,28,0.2,2
2012-07-29,2012,7,29,7,3
2012-07-30,2012,7,30,0.4,2
2012-07-31,2012,7,31,0,1
2012-08-01,2012,8,1,6.6,3
2012-08-02,2012,8,2,7.2,3
2012-08-03,2012,8,3,0.2,2
2012-08-04,2012,8,4,0,1
2012-08-05,2012,8,5,0,1
2012-08-06,2012,8,6,1,2
2012-08-07,2012,8,7,4.4,3
2012-08-08,2012,8,8,0,1
2012-08-09,2012,8,9,0,1
2012-08-10,2012,8,10,0,1
2012-08-11,2012,8,11,6.2,3
2012-08-12,2012,8,12,0.2,2
2012-08-13,2012,8,13,2.2,2
2012-08-14,2012,8,14,0,1
2012-08-15,2012,8,15,0,1
2012-08-16,2012,8,16,10.2,4
2012-08-17,2012,8,17,0.6,2
2012-08-18,2012,8,18,0,1
2012-08-19,2012,8,19,4.2,3
2012-08-20,2012,8,20,3.4,2
2012-08-21,2012,8,21,0,1
2012-08-22,2012,8,22,0,1
2012-08-23,2012,8,23,0,1
2012-08-24,2012,8,24,0,1
2012-08-25,2012,8,25,0,1
2012-08-26,2012,8,26,0,1
2012-08-27,2012,8,27,0,1
2012-08-28,2012,8,28,2.4,2
2012-08-29,2012,8,29,0.2,2
2012-08-30,2012,8,30,0,1
2012-08-31,2012,8,31,0,1
2012-09-01,2012,9,1,0,1
2012-09-02,2012,9,2,0,1
2012-09-03,2012,9,3,0,1
2012-09-04,2012,9,4,0,1
2012-09-05,2012,9,5,58.4,10
2012-09-06,2012,9,6,0.4,2
2012-09-07,2012,9,7,0.2,2
2012-09-08,2012,9,8,0,1
2012-09-09,2012,9,9,7,3
2012-09-10,2012,9,10,49.6,10
2012-09-11,2012,9,11,0.2,2
2012-09-12,2012,9,12,0,1
2012-09-13,2012,9,13,0,1
2012-09-14,2012,9,14,0,1
2012-09-15,2012,9,15,24.6,8
2012-09-16,2012,9,16,0.2,2
2012-09-17,2012,9,17,0,1
2012-09-18,2012,9,18,0.2,2
2012-09-19,2012,9,19,18.9,6
2012-09-20,2012,9,20,41.9,10
2012-09-21,2012,9,21,37.5,10
2012-09-22,2012,9,22,15.4,5
2012-09-23,2012,9,23,16.5,6
2012-09-24,2012,9,24,19.4,6
2012-09-25,2012,9,25,0.2,2
2012-09-26,2012,9,26,5,3
2012-09-27,2012,9,27,6.5,3
2012-09-28,2012,9,28,0,1
2012-09-29,2012,9,29,5.2,3
2012-09-30,2012,9,30,13.4,5
2012-10-01,2012,10,1,0.7,2
2012-10-02,2012,10,2,0,1
2012-10-03,2012,10,3,0,1
2012-10-04,2012,10,4,0.8,2
2012-10-05,2012,10,5,2.4,2
2012-10-06,2012,10,6,0,1
2012-10-07,2012,10,7,0,1
2012-10-08,2012,10,8,12.2,5
2012-10-09,2012,10,9,0,1
2012-10-10,2012,10,10,2.5,2
2012-10-11,2012,10,11,3,2
2012-10-12,2012,10,12,3,2
2012-10-13,2012,10,13,0,1
2012-10-14,2012,10,14,2.3,2
2012-10-15,2012,10,15,0,1
2012-10-16,2012,10,16,18.1,6
2012-10-17,2012,10,17,0,1
2012-10-18,2012,10,18,0,1
2012-10-19,2012,10,19,0,1
2012-10-20,2012,10,20,6.5,3
2012-10-21,2012,10,21,2.3,2
2012-10-22,2012,10,22,0,1
2012-10-23,2012,10,23,0,1
2012-10-24,2012,10,24,0,1
2012-10-25,2012,10,25,0,1
2012-10-26,2012,10,26,0,1
2012-10-27,2012,10,27,0,1
2012-10-28,2012,10,28,0.5,2
2012-10-29,2012,10,29,1.3,2
2012-10-30,2012,10,30,1,2
2012-10-31,2012,10,31,41.9,10
2012-11-01,2012,11,1,1.8,2
2012-11-02,2012,11,2,2.9,2
2012-11-03,2012,11,3,0,1
2012-11-04,2012,11,4,0,1
2012-11-05,2012,11,5,0.2,2
2012-11-06,2012,11,6,0,1
2012-11-07,2012,11,7,7.1,3
2012-11-08,2012,11,8,22.3,7
2012-11-09,2012,11,9,1.9,2
2012-11-10,2012,11,10,0,1
2012-11-11,2012,11,11,0.2,2
2012-11-12,2012,11,12,0,1
2012-11-13,2012,11,13,0,1
2012-11-14,2012,11,14,13.6,5
2012-11-15,2012,11,15,,Null
2012-11-16,2012,11,16,0,1
2012-11-17,2012,11,17,0,1
2012-11-18,2012,11,18,0,1
2012-11-19,2012,11,19,,Null
2012-11-20,2012,11,20,0.2,2
2012-11-21,2012,11,21,0,1
2012-11-22,2012,11,22,0,1
2012-11-23,2012,11,23,0,1
2012-11-24,2012,11,24,10.9,4
2012-11-25,2012,11,25,0,1
2012-11-26,2012,11,26,0,1
2012-11-27,2012,11,27,0,1
2012-11-28,2012,11,28,0,1
2012-11-29,2012,11,29,,Null
2012-11-30,2012,11,30,0,1
2012-12-01,2012,12,1,0,1
2012-12-02,2012,12,2,1.1,2
2012-12-03,2012,12,3,16.1,6
2012-12-04,2012,12,4,0,1
2012-12-05,2012,12,5,4.8,3
2012-12-06,2012,12,6,0.2,2
2012-12-07,2012,12,7,0,1
2012-12-08,2012,12,8,14.9,5
2012-12-09,2012,12,9,0,1
2012-12-10,2012,12,10,42.7,10
2012-12-11,2012,12,11,0.5,2
2012-12-12,2012,12,12,0.2,2
2012-12-13,2012,12,13,0,1
2012-12-14,2012,12,14,0,1
2012-12-15,2012,12,15,0,1
2012-12-16,2012,12,16,0,1
2012-12-17,2012,12,17,0,1
2012-12-18,2012,12,18,18.1,6
2012-12-19,2012,12,19,34.4,10
2012-12-20,2012,12,20,0,1
2012-12-21,2012,12,21,9.1,4
2012-12-22,2012,12,22,25.8,8
2012-12-23,2012,12,23,1.1,2
2012-12-24,2012,12,24,0,1
2012-12-25,2012,12,25,0,1
2012-12-26,2012,12,26,0,1
2012-12-27,2012,12,27,37.7,10
2012-12-28,2012,12,28,2,2
2012-12-29,2012,12,29,0,1
2012-12-30,2012,12,30,27.5,8
2012-12-31,2012,12,31,0,1
2013-01-01,2013,1,1,0.2,2
2013-01-02,2013,1,2,0.2,2
2013-01-03,2013,1,3,0,1
2013-01-04,2013,1,4,0,1
2013-01-05,2013,1,5,0.2,2
2013-01-06,2013,1,6,4.3,3
2013-01-07,2013,1,7,0,1
2013-01-08,2013,1,8,0.4,2
2013-01-09,2013,1,9,0.7,2
2013-01-10,2013,1,10,0.3,2
2013-01-11,2013,1,11,0,1
2013-01-12,2013,1,12,0,1
2013-01-13,2013,1,13,0,1
2013-01-14,2013,1,14,0,1
2013-01-15,2013,1,15,0,1
2013-01-16,2013,1,16,10,4
2013-01-17,2013,1,17,0.6,2
2013-01-18,2013,1,18,5.4,3
2013-01-19,2013,1,19,3.3,2
2013-01-20,2013,1,20,0,1
2013-01-21,2013,1,21,0,1
2013-01-22,2013,1,22,4,3
2013-01-23,2013,1,23,,Null
2013-01-24,2013,1,24,0,1
2013-01-25,2013,1,25,0,1
2013-01-26,2013,1,26,0,1
2013-01-27,2013,1,27,0,1
2013-01-28,2013,1,28,0,1
2013-01-29,2013,1,29,0,1
2013-01-30,2013,1,30,5.4,3
2013-01-31,2013,1,31,4.5,3
2013-02-01,2013,2,1,0,1
2013-02-02,2013,2,2,0.2,2
2013-02-03,2013,2,3,18.7,6
2013-02-04,2013,2,4,2.6,2
2013-02-05,2013,2,5,0,1
2013-02-06,2013,2,6,0.9,2
2013-02-07,2013,2,7,0.2,2
2013-02-08,2013,2,8,2.3,2
2013-02-09,2013,2,9,19.5,6
2013-02-10,2013,2,10,0.2,2
2013-02-11,2013,2,11,6.7,3
2013-02-12,2013,2,12,11.2,4
2013-02-13,2013,2,13,0,1
2013-02-14,2013,2,14,0,1
2013-02-15,2013,2,15,0,1
2013-02-16,2013,2,16,18.9,6
2013-02-17,2013,2,17,31.1,9
2013-02-18,2013,2,18,0.2,2
2013-02-19,2013,2,19,0,1
2013-02-20,2013,2,20,16.2,6
2013-02-21,2013,2,21,0.5,2
2013-02-22,2013,2,22,0.2,2
2013-02-23,2013,2,23,0,1
2013-02-24,2013,2,24,0,1
2013-02-25,2013,2,25,0,1
2013-02-26,2013,2,26,0,1
2013-02-27,2013,2,27,0,1
2013-02-28,2013,2,28,0.3,2
2013-03-01,2013,3,1,0.2,2
2013-03-02,2013,3,2,2.9,2
2013-03-03,2013,3,3,0.2,2
2013-03-04,2013,3,4,1.8,2
2013-03-05,2013,3,5,5.2,3
2013-03-06,2013,3,6,0,1
2013-03-07,2013,3,7,0,1
2013-03-08,2013,3,8,0,1
2013-03-09,2013,3,9,0,1
2013-03-10,2013,3,10,0,1
2013-03-11,2013,3,11,0,1
2013-03-12,2013,3,12,0,1
2013-03-13,2013,3,13,33.8,10
2013-03-14,2013,3,14,2.7,2
2013-03-15,2013,3,15,5.1,3
2013-03-16,2013,3,16,0.2,2
2013-03-17,2013,3,17,0,1
2013-03-18,2013,3,18,0,1
2013-03-19,2013,3,19,7.5,3
2013-03-20,2013,3,20,11.4,4
2013-03-21,2013,3,21,1.4,2
2013-03-22,2013,3,22,1.4,2
2013-03-23,2013,3,23,0.3,2
2013-03-24,2013,3,24,0.2,2
2013-03-25,2013,3,25,0,1
2013-03-26,2013,3,26,0.2,2
2013-03-27,2013,3,27,1.8,2
2013-03-28,2013,3,28,0,1
2013-03-29,2013,3,29,0,1
2013-03-30,2013,3,30,0,1
2013-03-31,2013,3,31,0,1
2013-04-01,2013,4,1,10.2,4
2013-04-02,2013,4,2,0.2,2
2013-04-03,2013,4,3,0,1
2013-04-04,2013,4,4,0,1
2013-04-05,2013,4,5,7.7,3
2013-04-06,2013,4,6,0.4,2
2013-04-07,2013,4,7,0.2,2
2013-04-08,2013,4,8,0,1
2013-04-09,2013,4,9,5.2,3
2013-04-10,2013,4,10,0,1
2013-04-11,2013,4,11,0.5,2
2013-04-12,2013,4,12,3.9,2
2013-04-13,2013,4,13,11.8,4
2013-04-14,2013,4,14,1.3,2
2013-04-15,2013,4,15,0,1
2013-04-16,2013,4,16,0.8,2
2013-04-17,2013,4,17,4.1,3
2013-04-18,2013,4,18,0,1
2013-04-19,2013,4,19,0.2,2
2013-04-20,2013,4,20,1.6,2
2013-04-21,2013,4,21,0,1
2013-04-22,2013,4,22,0,1
2013-04-23,2013,4,23,7.1,3
2013-04-24,2013,4,24,6.4,3
2013-04-25,2013,4,25,8.2,4
2013-04-26,2013,4,26,10.5,4
2013-04-27,2013,4,27,0,1
2013-04-28,2013,4,28,0,1
2013-04-29,2013,4,29,0,1
2013-04-30,2013,4,30,0,1
2013-05-01,2013,5,1,0,1
2013-05-02,2013,5,2,0,1
2013-05-03,2013,5,3,0,1
2013-05-04,2013,5,4,0,1
2013-05-05,2013,5,5,0,1
2013-05-06,2013,5,6,0,1
2013-05-07,2013,5,7,0,1
2013-05-08,2013,5,8,0,1
2013-05-09,2013,5,9,7.7,3
2013-05-10,2013,5,10,1.9,2
2013-05-11,2013,5,11,2.7,2
2013-05-12,2013,5,12,37,10
2013-05-13,2013,5,13,1.1,2
2013-05-14,2013,5,14,5.5,3
2013-05-15,2013,5,15,2.4,2
2013-05-16,2013,5,16,8.6,4
2013-05-17,2013,5,17,0,1
2013-05-18,2013,5,18,0.2,2
2013-05-19,2013,5,19,0,1
2013-05-20,2013,5,20,5.7,3
2013-05-21,2013,5,21,0.5,2
2013-05-22,2013,5,22,4.2,3
2013-05-23,2013,5,23,3.8,2
2013-05-24,2013,5,24,0.2,2
2013-05-25,2013,5,25,11.8,4
2013-05-26,2013,5,26,0.4,2
2013-05-27,2013,5,27,1.2,2
2013-05-28,2013,5,28,0,1
2013-05-29,2013,5,29,2.3,2
2013-05-30,2013,5,30,7.3,3
2013-05-31,2013,5,31,0,1
2013-06-01,2013,6,1,0,1
2013-06-02,2013,6,2,0,1
2013-06-03,2013,6,3,14,5
2013-06-04,2013,6,4,8.6,4
2013-06-05,2013,6,5,0,1
2013-06-06,2013,6,6,0,1
2013-06-07,2013,6,7,0.2,2
2013-06-08,2013,6,8,68,10
2013-06-09,2013,6,9,0.2,2
2013-06-10,2013,6,10,1.6,2
2013-06-11,2013,6,11,3.3,2
2013-06-12,2013,6,12,17.7,6
2013-06-13,2013,6,13,0.6,2
2013-06-14,2013,6,14,6.4,3
2013-06-15,2013,6,15,0.2,2
2013-06-16,2013,6,16,2.9,2
2013-06-17,2013,6,17,9.9,4
2013-06-18,2013,6,18,0,1
2013-06-19,2013,6,19,5.7,3
2013-06-20,2013,6,20,0,1
2013-06-21,2013,6,21,0.6,2
2013-06-22,2013,6,22,0,1
2013-06-23,2013,6,23,0,1
2013-06-24,2013,6,24,0.8,2
2013-06-25,2013,6,25,0,1
2013-06-26,2013,6,26,4.4,3
2013-06-27,2013,6,27,0.8,2
2013-06-28,2013,6,28,36.4,10
2013-06-29,2013,6,29,34,10
2013-06-30,2013,6,30,8.2,4
2013-07-01,2013,7,1,4,3
2013-07-02,2013,7,2,5.5,3
2013-07-03,2013,7,3,0.9,2
2013-07-04,2013,7,4,0,1
2013-07-05,2013,7,5,0,1
2013-07-06,2013,7,6,0,1
2013-07-07,2013,7,7,0,1
2013-07-08,2013,7,8,3.4,2
2013-07-09,2013,7,9,0,1
2013-07-10,2013,7,10,0.5,2
2013-07-11,2013,7,11,0.4,2
2013-07-12,2013,7,12,3.5,2
2013-07-13,2013,7,13,0,1
2013-07-14,2013,7,14,0,1
2013-07-15,2013,7,15,0,1
2013-07-16,2013,7,16,0,1
2013-07-17,2013,7,17,0,1
2013-07-18,2013,7,18,4.2,3
2013-07-19,2013,7,19,0.4,2
2013-07-20,2013,7,20,,Null
2013-07-21,2013,7,21,0,1
2013-07-22,2013,7,22,0,1
2013-07-23,2013,7,23,5.8,3
2013-07-24,2013,7,24,9.3,4
2013-07-25,2013,7,25,39,10
2013-07-26,2013,7,26,1.8,2
2013-07-27,2013,7,27,0.2,2
2013-07-28,2013,7,28,0,1
2013-07-29,2013,7,29,5.8,3
2013-07-30,2013,7,30,0.2,2
2013-07-31,2013,7,31,0.2,2
2013-08-01,2013,8,1,0,1
2013-08-02,2013,8,2,0.3,2
2013-08-03,2013,8,3,,Null
2013-08-04,2013,8,4,0,1
2013-08-05,2013,8,5,0,1
2013-08-06,2013,8,6,0,1
2013-08-07,2013,8,7,0,1
2013-08-08,2013,8,8,,Null
2013-08-09,2013,8,9,11.7,4
2013-08-10,2013,8,10,36.9,10
2013-08-11,2013,8,11,0,1
2013-08-12,2013,8,12,0,1
2013-08-13,2013,8,13,24.7,8
2013-08-14,2013,8,14,0.4,2
2013-08-15,2013,8,15,0,1
2013-08-16,2013,8,16,0,1
2013-08-17,2013,8,17,0,1
2013-08-18,2013,8,18,0,1
2013-08-19,2013,8,19,0,1
2013-08-20,2013,8,20,0,1
2013-08-21,2013,8,21,0,1
2013-08-22,2013,8,22,0,1
2013-08-23,2013,8,23,9.4,4
2013-08-24,2013,8,24,0.2,2
2013-08-25,2013,8,25,0,1
2013-08-26,2013,8,26,0,1
2013-08-27,2013,8,27,0,1
2013-08-28,2013,8,28,0,1
2013-08-29,2013,8,29,1.6,2
2013-08-30,2013,8,30,0.2,2
2013-08-31,2013,8,31,5,3
2013-09-01,2013,9,1,2,2
2013-09-02,2013,9,2,14,5
2013-09-03,2013,9,3,48.3,10
2013-09-04,2013,9,4,0.2,2
2013-09-05,2013,9,5,2,2
2013-09-06,2013,9,6,0.2,2
2013-09-07,2013,9,7,0,1
2013-09-08,2013,9,8,1.7,2
2013-09-09,2013,9,9,0.2,2
2013-09-10,2013,9,10,0,1
2013-09-11,2013,9,11,0,1
2013-09-12,2013,9,12,0,1
2013-09-13,2013,9,13,41.2,10
2013-09-14,2013,9,14,4.3,3
2013-09-15,2013,9,15,0,1
2013-09-16,2013,9,16,1.5,2
2013-09-17,2013,9,17,0,1
2013-09-18,2013,9,18,,Null
2013-09-19,2013,9,19,,Null
2013-09-20,2013,9,20,0,1
2013-09-21,2013,9,21,0,1
2013-09-22,2013,9,22,10,4
2013-09-23,2013,9,23,1.2,2
2013-09-24,2013,9,24,1.1,2
2013-09-25,2013,9,25,5.6,3
2013-09-26,2013,9,26,0.6,2
2013-09-27,2013,9,27,0,1
2013-09-28,2013,9,28,0,1
2013-09-29,2013,9,29,0,1
2013-09-30,2013,9,30,0,1
2013-10-01,2013,10,1,33.2,10
2013-10-02,2013,10,2,0,1
2013-10-03,2013,10,3,0,1
2013-10-04,2013,10,4,0,1
2013-10-05,2013,10,5,0,1
2013-10-06,2013,10,6,0,1
2013-10-07,2013,10,7,0,1
2013-10-08,2013,10,8,5.6,3
2013-10-09,2013,10,9,0,1
2013-10-10,2013,10,10,0,1
2013-10-11,2013,10,11,0,1
2013-10-12,2013,10,12,0,1
2013-10-13,2013,10,13,0,1
2013-10-14,2013,10,14,0,1
2013-10-15,2013,10,15,0,1
2013-10-16,2013,10,16,52.6,10
2013-10-17,2013,10,17,26.8,8
2013-10-18,2013,10,18,0.8,2
2013-10-19,2013,10,19,0,1
2013-10-20,2013,10,20,0.4,2
2013-10-21,2013,10,21,0.2,2
2013-10-22,2013,10,22,1.4,2
2013-10-23,2013,10,23,6.5,3
2013-10-24,2013,10,24,6.2,3
2013-10-25,2013,10,25,0,1
2013-10-26,2013,10,26,0.4,2
2013-10-27,2013,10,27,26.5,8
2013-10-28,2013,10,28,1.4,2
2013-10-29,2013,10,29,0,1
2013-10-30,2013,10,30,0.2,2
2013-10-31,2013,10,31,3,2
2013-11-01,2013,11,1,17.3,6
2013-11-02,2013,11,2,2,2
2013-11-03,2013,11,3,1.5,2
2013-11-04,2013,11,4,0.2,2
2013-11-05,2013,11,5,0,1
2013-11-06,2013,11,6,0,1
2013-11-07,2013,11,7,26.4,8
2013-11-08,2013,11,8,0.4,2
2013-11-09,2013,11,9,0.2,2
2013-11-10,2013,11,10,8.3,4
2013-11-11,2013,11,11,0,1
2013-11-12,2013,11,12,9.4,4
2013-11-13,2013,11,13,0.2,2
2013-11-14,2013,11,14,0,1
2013-11-15,2013,11,15,0,1
2013-11-16,2013,11,16,0,1
2013-11-17,2013,11,17,0,1
2013-11-18,2013,11,18,24,8
2013-11-19,2013,11,19,1.7,2
2013-11-20,2013,11,20,0,1
2013-11-21,2013,11,21,0.2,2
2013-11-22,2013,11,22,0,1
2013-11-23,2013,11,23,0,1
2013-11-24,2013,11,24,0,1
2013-11-25,2013,11,25,0,1
2013-11-26,2013,11,26,2.7,2
2013-11-27,2013,11,27,54.6,10
2013-11-28,2013,11,28,2.7,2
2013-11-29,2013,11,29,0.3,2
2013-11-30,2013,11,30,0,1
2013-12-01,2013,12,1,0.2,2
2013-12-02,2013,12,2,0.4,2
2013-12-03,2013,12,3,47.6,10
2013-12-04,2013,12,4,13.4,5
2013-12-05,2013,12,5,0.2,2
2013-12-06,2013,12,6,2.4,2
2013-12-07,2013,12,7,3.4,2
2013-12-08,2013,12,8,0,1
2013-12-09,2013,12,9,5.9,3
2013-12-10,2013,12,10,2.7,2
2013-12-11,2013,12,11,0.2,2
2013-12-12,2013,12,12,0,1
2013-12-13,2013,12,13,1,2
2013-12-14,2013,12,14,0,1
2013-12-15,2013,12,15,34.9,10
2013-12-16,2013,12,16,0,1
2013-12-17,2013,12,17,0,1
2013-12-18,2013,12,18,12.4,5
2013-12-19,2013,12,19,0,1
2013-12-20,2013,12,20,2.4,2
2013-12-21,2013,12,21,8.4,4
2013-12-22,2013,12,22,13.8,5
2013-12-23,2013,12,23,11.2,4
2013-12-24,2013,12,24,6,3
2013-12-25,2013,12,25,0.7,2
2013-12-26,2013,12,26,10.7,4
2013-12-27,2013,12,27,0.4,2
2013-12-28,2013,12,28,0,1
2013-12-29,2013,12,29,15.9,5
2013-12-30,2013,12,30,25.2,8
2013-12-31,2013,12,31,0.2,2
2014-01-01,2014,1,1,0.2,2
2014-01-02,2014,1,2,2.5,2
2014-01-03,2014,1,3,8.6,4
2014-01-04,2014,1,4,0,1
2014-01-05,2014,1,5,0,1
2014-01-06,2014,1,6,17,6
2014-01-07,2014,1,7,1,2
2014-01-08,2014,1,8,,Null
2014-01-09,2014,1,9,0,1
2014-01-10,2014,1,10,0,1
2014-01-11,2014,1,11,22.4,7
2014-01-12,2014,1,12,16.3,6
2014-01-13,2014,1,13,,Null
2014-01-14,2014,1,14,10.3,4
2014-01-15,2014,1,15,8.3,4
2014-01-16,2014,1,16,30.2,9
2014-01-17,2014,1,17,0.7,2
2014-01-18,2014,1,18,13.6,5
2014-01-19,2014,1,19,2.2,2
2014-01-20,2014,1,20,0.2,2
2014-01-21,2014,1,21,0.2,2
2014-01-22,2014,1,22,12.6,5
2014-01-23,2014,1,23,0,1
2014-01-24,2014,1,24,0,1
2014-01-25,2014,1,25,5,3
2014-01-26,2014,1,26,6.9,3
2014-01-27,2014,1,27,6.5,3
2014-01-28,2014,1,28,0,1
2014-01-29,2014,1,29,10.6,4
2014-01-30,2014,1,30,0,1
2014-01-31,2014,1,31,0,1
2014-02-01,2014,2,1,0,1
2014-02-02,2014,2,2,0.2,2
2014-02-03,2014,2,3,0,1
2014-02-04,2014,2,4,0.2,2
2014-02-05,2014,2,5,10.6,4
2014-02-06,2014,2,6,0,1
2014-02-07,2014,2,7,0.2,2
2014-02-08,2014,2,8,0,1
2014-02-09,2014,2,9,0,1
2014-02-10,2014,2,10,2.5,2
2014-02-11,2014,2,11,0,1
2014-02-12,2014,2,12,0,1
2014-02-13,2014,2,13,26.5,8
2014-02-14,2014,2,14,21.6,7
2014-02-15,2014,2,15,7.5,3
2014-02-16,2014,2,16,14.5,5
2014-02-17,2014,2,17,0,1
2014-02-18,2014,2,18,1,2
2014-02-19,2014,2,19,9,4
2014-02-20,2014,2,20,8.8,4
2014-02-21,2014,2,21,2.3,2
2014-02-22,2014,2,22,16.5,6
2014-02-23,2014,2,23,0,1
2014-02-24,2014,2,24,0,1
2014-02-25,2014,2,25,0,1
2014-02-26,2014,2,26,1.7,2
2014-02-27,2014,2,27,1.7,2
2014-02-28,2014,2,28,0.3,2
2014-03-01,2014,3,1,0,1
2014-03-02,2014,3,2,1.9,2
2014-03-03,2014,3,3,0,1
2014-03-04,2014,3,4,0.2,2
2014-03-05,2014,3,5,0.9,2
2014-03-06,2014,3,6,0.2,2
2014-03-07,2014,3,7,0,1
2014-03-08,2014,3,8,0.4,2
2014-03-09,2014,3,9,0,1
2014-03-10,2014,3,10,0.2,2
2014-03-11,2014,3,11,4.7,3
2014-03-12,2014,3,12,25.8,8
2014-03-13,2014,3,13,24.3,8
2014-03-14,2014,3,14,0.2,2
2014-03-15,2014,3,15,14.7,5
2014-03-16,2014,3,16,0.2,2
2014-03-17,2014,3,17,0.2,2
2014-03-18,2014,3,18,0,1
2014-03-19,2014,3,19,0,1
2014-03-20,2014,3,20,14,5
2014-03-21,2014,3,21,0,1
2014-03-22,2014,3,22,5.9,3
2014-03-23,2014,3,23,0.2,2
2014-03-24,2014,3,24,0.2,2
2014-03-25,2014,3,25,,Null
2014-03-26,2014,3,26,19,6
2014-03-27,2014,3,27,0,1
2014-03-28,2014,3,28,1.6,2
2014-03-29,2014,3,29,2.7,2
2014-03-30,2014,3,30,43.7,10
2014-03-31,2014,3,31,5.3,3
2014-04-01,2014,4,1,11,4
2014-04-02,2014,4,2,0,1
2014-04-03,2014,4,3,0,1
2014-04-04,2014,4,4,0,1
2014-04-05,2014,4,5,24.1,8
2014-04-06,2014,4,6,0,1
2014-04-07,2014,4,7,0,1
2014-04-08,2014,4,8,35.1,10
2014-04-09,2014,4,9,0,1
2014-04-10,2014,4,10,0.2,2
2014-04-11,2014,4,11,0,1
2014-04-12,2014,4,12,6.9,3
2014-04-13,2014,4,13,0.3,2
2014-04-14,2014,4,14,0.8,2
2014-04-15,2014,4,15,2,2
2014-04-16,2014,4,16,4.9,3
2014-04-17,2014,4,17,0,1
2014-04-18,2014,4,18,0,1
2014-04-19,2014,4,19,2.8,2
2014-04-20,2014,4,20,0,1
2014-04-21,2014,4,21,0,1
2014-04-22,2014,4,22,0,1
2014-04-23,2014,4,23,0.5,2
2014-04-24,2014,4,24,40.3,10
2014-04-25,2014,4,25,0,1
2014-04-26,2014,4,26,0,1
2014-04-27,2014,4,27,5.6,3
2014-04-28,2014,4,28,5.8,3
2014-04-29,2014,4,29,0.3,2
2014-04-30,2014,4,30,0,1
2014-05-01,2014,5,1,5.2,3
2014-05-02,2014,5,2,5.3,3
2014-05-03,2014,5,3,0.2,2
2014-05-04,2014,5,4,2.6,2
2014-05-05,2014,5,5,1.5,2
2014-05-06,2014,5,6,0.2,2
2014-05-07,2014,5,7,0,1
2014-05-08,2014,5,8,0,1
2014-05-09,2014,5,9,0,1
2014-05-10,2014,5,10,13.6,5
2014-05-11,2014,5,11,1.8,2
2014-05-12,2014,5,12,0.8,2
2014-05-13,2014,5,13,0,1
2014-05-14,2014,5,14,0,1
2014-05-15,2014,5,15,0,1
2014-05-16,2014,5,16,0,1
2014-05-17,2014,5,17,0,1
2014-05-18,2014,5,18,0,1
2014-05-19,2014,5,19,0.6,2
2014-05-20,2014,5,20,0.9,2
2014-05-21,2014,5,21,0,1
2014-05-22,2014,5,22,0.3,2
2014-05-23,2014,5,23,0,1
2014-05-24,2014,5,24,0,1
2014-05-25,2014,5,25,0,1
2014-05-26,2014,5,26,13.1,5
2014-05-27,2014,5,27,0,1
2014-05-28,2014,5,28,0,1
2014-05-29,2014,5,29,0.2,2
2014-05-30,2014,5,30,0,1
2014-05-31,2014,5,31,0,1
2014-06-01,2014,6,1,0,1
2014-06-02,2014,6,2,0,1
2014-06-03,2014,6,3,0.2,2
2014-06-04,2014,6,4,1.2,2
2014-06-05,2014,6,5,19.8,6
2014-06-06,2014,6,6,4.7,3
2014-06-07,2014,6,7,0,1
2014-06-08,2014,6,8,0.2,2
2014-06-09,2014,6,9,0,1
2014-06-10,2014,6,10,5.9,3
2014-06-11,2014,6,11,0,1
2014-06-12,2014,6,12,0,1
2014-06-13,2014,6,13,0,1
2014-06-14,2014,6,14,25.2,8
2014-06-15,2014,6,15,8.7,4
2014-06-16,2014,6,16,0,1
2014-06-17,2014,6,17,0,1
2014-06-18,2014,6,18,24.1,8
2014-06-19,2014,6,19,,Null
2014-06-20,2014,6,20,2.3,2
2014-06-21,2014,6,21,0,1
2014-06-22,2014,6,22,0,1
2014-06-23,2014,6,23,0,1
2014-06-24,2014,6,24,0,1
2014-06-25,2014,6,25,0,1
2014-06-26,2014,6,26,42.1,10
2014-06-27,2014,6,27,0,1
2014-06-28,2014,6,28,0,1
2014-06-29,2014,6,29,0,1
2014-06-30,2014,6,30,0,1
2014-07-01,2014,7,1,0,1
2014-07-02,2014,7,2,0,1
2014-07-03,2014,7,3,0.2,2
2014-07-04,2014,7,4,0.8,2
2014-07-05,2014,7,5,0.8,2
2014-07-06,2014,7,6,0,1
2014-07-07,2014,7,7,0,1
2014-07-08,2014,7,8,0,1
2014-07-09,2014,7,9,0,1
2014-07-10,2014,7,10,0.7,2
2014-07-11,2014,7,11,0,1
2014-07-12,2014,7,12,0,1
2014-07-13,2014,7,13,0,1
2014-07-14,2014,7,14,2.3,2
2014-07-15,2014,7,15,8.9,4
2014-07-16,2014,7,16,4.8,3
2014-07-17,2014,7,17,5.6,3
2014-07-18,2014,7,18,0.2,2
2014-07-19,2014,7,19,0,1
2014-07-20,2014,7,20,0,1
2014-07-21,2014,7,21,0,1
2014-07-22,2014,7,22,0,1
2014-07-23,2014,7,23,0,1
2014-07-24,2014,7,24,0,1
2014-07-25,2014,7,25,2.4,2
2014-07-26,2014,7,26,0,1
2014-07-27,2014,7,27,1.5,2
2014-07-28,2014,7,28,1.3,2
2014-07-29,2014,7,29,0,1
2014-07-30,2014,7,30,5.9,3
2014-07-31,2014,7,31,0.4,2
2014-08-01,2014,8,1,0,1
2014-08-02,2014,8,2,0,1
2014-08-03,2014,8,3,3.9,2
2014-08-04,2014,8,4,3.9,2
2014-08-05,2014,8,5,0,1
2014-08-06,2014,8,6,0,1
2014-08-07,2014,8,7,0,1
2014-08-08,2014,8,8,3.6,2
2014-08-09,2014,8,9,1.1,2
2014-08-10,2014,8,10,0,1
2014-08-11,2014,8,11,0,1
2014-08-12,2014,8,12,0,1
2014-08-13,2014,8,13,0,1
2014-08-14,2014,8,14,0,1
2014-08-15,2014,8,15,35.6,10
2014-08-16,2014,8,16,0,1
2014-08-17,2014,8,17,0,1
2014-08-18,2014,8,18,6.8,3
2014-08-19,2014,8,19,0,1
2014-08-20,2014,8,20,0,1
2014-08-21,2014,8,21,0,1
2014-08-22,2014,8,22,0.9,2
2014-08-23,2014,8,23,0,1
2014-08-24,2014,8,24,0,1
2014-08-25,2014,8,25,0,1
2014-08-26,2014,8,26,0,1
2014-08-27,2014,8,27,0,1
2014-08-28,2014,8,28,0.6,2
2014-08-29,2014,8,29,0,1
2014-08-30,2014,8,30,0,1
2014-08-31,2014,8,31,0.2,2
2014-09-01,2014,9,1,20.9,7
2014-09-02,2014,9,2,0.2,2
2014-09-03,2014,9,3,0.2,2
2014-09-04,2014,9,4,0.2,2
2014-09-05,2014,9,5,0,1
2014-09-06,2014,9,6,0,1
2014-09-07,2014,9,7,1.9,2
2014-09-08,2014,9,8,0,1
2014-09-09,2014,9,9,0,1
2014-09-10,2014,9,10,0,1
2014-09-11,2014,9,11,,Null
2014-09-12,2014,9,12,0,1
2014-09-13,2014,9,13,3.6,2
2014-09-14,2014,9,14,18.8,6
2014-09-15,2014,9,15,,Null
2014-09-16,2014,9,16,0,1
2014-09-17,2014,9,17,0,1
2014-09-18,2014,9,18,0,1
2014-09-19,2014,9,19,0,1
2014-09-20,2014,9,20,0,1
2014-09-21,2014,9,21,65.4,10
2014-09-22,2014,9,22,33,10
2014-09-23,2014,9,23,0,1
2014-09-24,2014,9,24,0,1
2014-09-25,2014,9,25,0,1
2014-09-26,2014,9,26,0,1
2014-09-27,2014,9,27,0,1
2014-09-28,2014,9,28,0,1
2014-09-29,2014,9,29,0,1
2014-09-30,2014,9,30,0,1
2014-10-01,2014,10,1,0,1
2014-10-02,2014,10,2,0,1
2014-10-03,2014,10,3,1.2,2
2014-10-04,2014,10,4,1.9,2
2014-10-05,2014,10,5,10.2,4
2014-10-06,2014,10,6,0,1
2014-10-07,2014,10,7,0,1
2014-10-08,2014,10,8,0.6,2
2014-10-09,2014,10,9,,Null
2014-10-10,2014,10,10,0,1
2014-10-11,2014,10,11,8.6,4
2014-10-12,2014,10,12,0,1
2014-10-13,2014,10,13,0,1
2014-10-14,2014,10,14,0,1
2014-10-15,2014,10,15,0,1
2014-10-16,2014,10,16,2.6,2
2014-10-17,2014,10,17,8.6,4
2014-10-18,2014,10,18,0,1
2014-10-19,2014,10,19,11,4
2014-10-20,2014,10,20,0.6,2
2014-10-21,2014,10,21,0,1
2014-10-22,2014,10,22,7.6,3
2014-10-23,2014,10,23,25.7,8
2014-10-24,2014,10,24,10.1,4
2014-10-25,2014,10,25,0,1
2014-10-26,2014,10,26,5.3,3
2014-10-27,2014,10,27,0,1
2014-10-28,2014,10,28,0,1
2014-10-29,2014,10,29,0,1
2014-10-30,2014,10,30,0.5,2
2014-10-31,2014,10,31,0,1
2014-11-01,2014,11,1,9.1,4
2014-11-02,2014,11,2,19.3,6
2014-11-03,2014,11,3,0.4,2
2014-11-04,2014,11,4,0,1
2014-11-05,2014,11,5,0,1
2014-11-06,2014,11,6,1.6,2
2014-11-07,2014,11,7,35.8,10
2014-11-08,2014,11,8,0.2,2
2014-11-09,2014,11,9,0,1
2014-11-10,2014,11,10,0,1
2014-11-11,2014,11,11,0,1
2014-11-12,2014,11,12,5.1,3
2014-11-13,2014,11,13,1,2
2014-11-14,2014,11,14,,Null
2014-11-15,2014,11,15,0.3,2
2014-11-16,2014,11,16,0,1
2014-11-17,2014,11,17,24.7,8
2014-11-18,2014,11,18,13.6,5
2014-11-19,2014,11,19,0.3,2
2014-11-20,2014,11,20,10.1,4
2014-11-21,2014,11,21,0.2,2
2014-11-22,2014,11,22,0,1
2014-11-23,2014,11,23,0,1
2014-11-24,2014,11,24,13.3,5
2014-11-25,2014,11,25,,Null
2014-11-26,2014,11,26,28,9
2014-11-27,2014,11,27,,Null
2014-11-28,2014,11,28,,Null
2014-11-29,2014,11,29,0,1
2014-11-30,2014,11,30,0,1
2014-12-01,2014,12,1,0,1
2014-12-02,2014,12,2,0,1
2014-12-03,2014,12,3,25.1,8
2014-12-04,2014,12,4,0.3,2
2014-12-05,2014,12,5,0,1
2014-12-06,2014,12,6,17.4,6
2014-12-07,2014,12,7,8.6,4
2014-12-08,2014,12,8,0,1
2014-12-09,2014,12,9,3,2
2014-12-10,2014,12,10,113.6,10
2014-12-11,2014,12,11,17.3,6
2014-12-12,2014,12,12,6.2,3
2014-12-13,2014,12,13,0.2,2
2014-12-14,2014,12,14,6.2,3
2014-12-15,2014,12,15,0,1
2014-12-16,2014,12,16,0,1
2014-12-17,2014,12,17,22.7,7
2014-12-18,2014,12,18,1.5,2
2014-12-19,2014,12,19,0.2,2
2014-12-20,2014,12,20,0,1
2014-12-21,2014,12,21,0,1
2014-12-22,2014,12,22,,Null
2014-12-23,2014,12,23,15.2,5
2014-12-24,2014,12,24,10.2,4
2014-12-25,2014,12,25,50.6,10
2014-12-26,2014,12,26,0,1
2014-12-27,2014,12,27,0,1
2014-12-28,2014,12,28,11.1,4
2014-12-29,2014,12,29,0.2,2
2014-12-30,2014,12,30,0,1
2014-12-31,2014,12,31,,Null
2015-01-01,2015,1,1,2.9,2
2015-01-02,2015,1,2,0.2,2
2015-01-03,2015,1,3,0,1
2015-01-04,2015,1,4,28.3,9
2015-01-05,2015,1,5,,Null
2015-01-06,2015,1,6,0.2,2
2015-01-07,2015,1,7,0.7,2
2015-01-08,2015,1,8,0,1
2015-01-09,2015,1,9,3.5,2
2015-01-10,2015,1,10,0,1
2015-01-11,2015,1,11,0.2,2
2015-01-12,2015,1,12,5.3,3
2015-01-13,2015,1,13,1.8,2
2015-01-14,2015,1,14,0,1
2015-01-15,2015,1,15,0,1
2015-01-16,2015,1,16,7.7,3
2015-01-17,2015,1,17,0,1
2015-01-18,2015,1,18,0,1
2015-01-19,2015,1,19,21.4,7
2015-01-20,2015,1,20,0,1
2015-01-21,2015,1,21,0.2,2
2015-01-22,2015,1,22,2.7,2
2015-01-23,2015,1,23,0,1
2015-01-24,2015,1,24,44.2,10
2015-01-25,2015,1,25,0,1
2015-01-26,2015,1,26,0.2,2
2015-01-27,2015,1,27,17.7,6
2015-01-28,2015,1,28,5.7,3
2015-01-29,2015,1,29,0,1
2015-01-30,2015,1,30,0,1
2015-01-31,2015,1,31,20.5,7
2015-02-01,2015,2,1,0.2,2
2015-02-02,2015,2,2,31.6,9
2015-02-03,2015,2,3,2.4,2
2015-02-04,2015,2,4,1,2
2015-02-05,2015,2,5,23.4,7
2015-02-06,2015,2,6,0.4,2
2015-02-07,2015,2,7,0.3,2
2015-02-08,2015,2,8,0.9,2
2015-02-09,2015,2,9,0.2,2
2015-02-10,2015,2,10,2.3,2
2015-02-11,2015,2,11,0,1
2015-02-12,2015,2,12,0.2,2
2015-02-13,2015,2,13,1.2,2
2015-02-14,2015,2,14,0.2,2
2015-02-15,2015,2,15,45.8,10
2015-02-16,2015,2,16,0,1
2015-02-17,2015,2,17,0,1
2015-02-18,2015,2,18,0,1
2015-02-19,2015,2,19,14.5,5
2015-02-20,2015,2,20,0.2,2
2015-02-21,2015,2,21,1.1,2
2015-02-22,2015,2,22,21.2,7
2015-02-23,2015,2,23,0,1
2015-02-24,2015,2,24,0.4,2
2015-02-25,2015,2,25,13.7,5
2015-02-26,2015,2,26,0,1
2015-02-27,2015,2,27,0,1
2015-02-28,2015,2,28,0.2,2
2015-03-01,2015,3,1,0.2,2
2015-03-02,2015,3,2,8.4,4
2015-03-03,2015,3,3,0.2,2
2015-03-04,2015,3,4,8.8,4
2015-03-05,2015,3,5,0,1
2015-03-06,2015,3,6,0,1
2015-03-07,2015,3,7,0,1
2015-03-08,2015,3,8,0,1
2015-03-09,2015,3,9,0.5,2
2015-03-10,2015,3,10,0,1
2015-03-11,2015,3,11,0.5,2
2015-03-12,2015,3,12,0,1
2015-03-13,2015,3,13,0.2,2
2015-03-14,2015,3,14,2.6,2
2015-03-15,2015,3,15,26,8
2015-03-16,2015,3,16,0,1
2015-03-17,2015,3,17,,Null
2015-03-18,2015,3,18,23,7
2015-03-19,2015,3,19,0,1
2015-03-20,2015,3,20,0,1
2015-03-21,2015,3,21,7.9,3
2015-03-22,2015,3,22,11.3,4
2015-03-23,2015,3,23,0.2,2
2015-03-24,2015,3,24,0,1
2015-03-25,2015,3,25,0,1
2015-03-26,2015,3,26,15.7,5
2015-03-27,2015,3,27,9.9,4
2015-03-28,2015,3,28,13.4,5
2015-03-29,2015,3,29,0,1
2015-03-30,2015,3,30,0.2,2
2015-03-31,2015,3,31,10.3,4
2015-04-01,2015,4,1,0,1
2015-04-02,2015,4,2,0,1
2015-04-03,2015,4,3,1.1,2
2015-04-04,2015,4,4,9.3,4
2015-04-05,2015,4,5,1.2,2
2015-04-06,2015,4,6,6.4,3
2015-04-07,2015,4,7,8.3,4
2015-04-08,2015,4,8,0,1
2015-04-09,2015,4,9,0,1
2015-04-10,2015,4,10,19.7,6
2015-04-11,2015,4,11,0,1
2015-04-12,2015,4,12,0,1
2015-04-13,2015,4,13,0,1
2015-04-14,2015,4,14,3.7,2
2015-04-15,2015,4,15,0.2,2
2015-04-16,2015,4,16,0,1
2015-04-17,2015,4,17,0.9,2
2015-04-18,2015,4,18,0,1
2015-04-19,2015,4,19,0,1
2015-04-20,2015,4,20,0,1
2015-04-21,2015,4,21,55.7,10
2015-04-22,2015,4,22,9.2,4
2015-04-23,2015,4,23,11.4,4
2015-04-24,2015,4,24,0,1
2015-04-25,2015,4,25,0,1
2015-04-26,2015,4,26,0,1
2015-04-27,2015,4,27,9.6,4
2015-04-28,2015,4,28,1.1,2
2015-04-29,2015,4,29,0,1
2015-04-30,2015,4,30,0,1
2015-05-01,2015,5,1,0,1
2015-05-02,2015,5,2,0,1
2015-05-03,2015,5,3,0,1
2015-05-04,2015,5,4,0,1
2015-05-05,2015,5,5,0,1
2015-05-06,2015,5,6,0,1
2015-05-07,2015,5,7,0,1
2015-05-08,2015,5,8,0,1
2015-05-09,2015,5,9,0,1
2015-05-10,2015,5,10,0.5,2
2015-05-11,2015,5,11,2.6,2
2015-05-12,2015,5,12,4.7,3
2015-05-13,2015,5,13,1.3,2
2015-05-14,2015,5,14,0,1
2015-05-15,2015,5,15,0,1
2015-05-16,2015,5,16,0,1
2015-05-17,2015,5,17,1.9,2
2015-05-18,2015,5,18,0,1
2015-05-19,2015,5,19,0.6,2
2015-05-20,2015,5,20,0.9,2
2015-05-21,2015,5,21,0,1
2015-05-22,2015,5,22,10.7,4
2015-05-23,2015,5,23,1.4,2
2015-05-24,2015,5,24,0,1
2015-05-25,2015,5,25,0,1
2015-05-26,2015,5,26,0.8,2
2015-05-27,2015,5,27,0,1
2015-05-28,2015,5,28,0,1
2015-05-29,2015,5,29,0,1
2015-05-30,2015,5,30,0,1
2015-05-31,2015,5,31,16.7,6
2015-06-01,2015,6,1,19.5,6
2015-06-02,2015,6,2,34.9,10
2015-06-03,2015,6,3,0.5,2
2015-06-04,2015,6,4,0,1
2015-06-05,2015,6,5,0.2,2
2015-06-06,2015,6,6,28,9
2015-06-07,2015,6,7,0,1
2015-06-08,2015,6,8,0,1
2015-06-09,2015,6,9,,Null
2015-06-10,2015,6,10,1.5,2
2015-06-11,2015,6,11,0,1
2015-06-12,2015,6,12,0.7,2
2015-06-13,2015,6,13,20,7
2015-06-14,2015,6,14,0,1
2015-06-15,2015,6,15,0,1
2015-06-16,2015,6,16,16,6
2015-06-17,2015,6,17,0,1
2015-06-18,2015,6,18,0,1
2015-06-19,2015,6,19,4.5,3
2015-06-20,2015,6,20,0,1
2015-06-21,2015,6,21,17.8,6
2015-06-22,2015,6,22,4.4,3
2015-06-23,2015,6,23,10.3,4
2015-06-24,2015,6,24,4.3,3
2015-06-25,2015,6,25,0,1
2015-06-26,2015,6,26,,Null
2015-06-27,2015,6,27,0,1
2015-06-28,2015,6,28,27,8
2015-06-29,2015,6,29,0.8,2
2015-06-30,2015,6,30,0,1
2015-07-01,2015,7,1,1.3,2
2015-07-02,2015,7,2,0.2,2
2015-07-03,2015,7,3,2.2,2
2015-07-04,2015,7,4,0,1
2015-07-05,2015,7,5,0.6,2
2015-07-06,2015,7,6,0,1
2015-07-07,2015,7,7,0,1
2015-07-08,2015,7,8,0,1
2015-07-09,2015,7,9,0,1
2015-07-10,2015,7,10,0,1
2015-07-11,2015,7,11,0,1
2015-07-12,2015,7,12,0,1
2015-07-13,2015,7,13,0,1
2015-07-14,2015,7,14,0,1
2015-07-15,2015,7,15,0.7,2
2015-07-16,2015,7,16,6.4,3
2015-07-17,2015,7,17,0,1
2015-07-18,2015,7,18,0.6,2
2015-07-19,2015,7,19,23,7
2015-07-20,2015,7,20,1,2
2015-07-21,2015,7,21,2.8,2
2015-07-22,2015,7,22,1.1,2
2015-07-23,2015,7,23,0,1
2015-07-24,2015,7,24,0,1
2015-07-25,2015,7,25,4.6,3
2015-07-26,2015,7,26,0,1
2015-07-27,2015,7,27,13.3,5
2015-07-28,2015,7,28,27,8
2015-07-29,2015,7,29,0,1
2015-07-30,2015,7,30,0,1
2015-07-31,2015,7,31,29.4,9
2015-08-01,2015,8,1,0,1
2015-08-02,2015,8,2,0,1
2015-08-03,2015,8,3,0,1
2015-08-04,2015,8,4,5.9,3
2015-08-05,2015,8,5,0,1
2015-08-06,2015,8,6,0,1
2015-08-07,2015,8,7,0,1
2015-08-08,2015,8,8,1.6,2
2015-08-09,2015,8,9,58.3,10
2015-08-10,2015,8,10,0,1
2015-08-11,2015,8,11,0,1
2015-08-12,2015,8,12,11.4,4
2015-08-13,2015,8,13,0,1
2015-08-14,2015,8,14,0,1
2015-08-15,2015,8,15,0,1
2015-08-16,2015,8,16,0,1
2015-08-17,2015,8,17,0,1
2015-08-18,2015,8,18,0,1
2015-08-19,2015,8,19,0,1
2015-08-20,2015,8,20,0,1
2015-08-21,2015,8,21,0,1
2015-08-22,2015,8,22,0.2,2
2015-08-23,2015,8,23,1.4,2
2015-08-24,2015,8,24,1.7,2
2015-08-25,2015,8,25,0,1
2015-08-26,2015,8,26,0.4,2
2015-08-27,2015,8,27,10.1,4
2015-08-28,2015,8,28,0,1
2015-08-29,2015,8,29,0,1
2015-08-30,2015,8,30,0,1
2015-08-31,2015,8,31,0,1
2015-09-01,2015,9,1,0,1
2015-09-02,2015,9,2,0,1
2015-09-03,2015,9,3,0,1
2015-09-04,2015,9,4,0,1
2015-09-05,2015,9,5,0,1
2015-09-06,2015,9,6,0,1
2015-09-07,2015,9,7,0,1
2015-09-08,2015,9,8,0,1
2015-09-09,2015,9,9,0,1
2015-09-10,2015,9,10,9.6,4
2015-09-11,2015,9,11,11.9,4
2015-09-12,2015,9,12,0.4,2
2015-09-13,2015,9,13,1.9,2
2015-09-14,2015,9,14,4.7,3
2015-09-15,2015,9,15,0,1
2015-09-16,2015,9,16,0,1
2015-09-17,2015,9,17,0,1
2015-09-18,2015,9,18,0,1
2015-09-19,2015,9,19,0,1
2015-09-20,2015,9,20,1.4,2
2015-09-21,2015,9,21,0.2,2
2015-09-22,2015,9,22,0,1
2015-09-23,2015,9,23,0,1
2015-09-24,2015,9,24,0,1
2015-09-25,2015,9,25,0,1
2015-09-26,2015,9,26,0,1
2015-09-27,2015,9,27,0,1
2015-09-28,2015,9,28,0,1
2015-09-29,2015,9,29,0,1
2015-09-30,2015,9,30,0.2,2
2015-10-01,2015,10,1,85.8,10
2015-10-02,2015,10,2,13.6,5
2015-10-03,2015,10,3,3.1,2
2015-10-04,2015,10,4,0,1
2015-10-05,2015,10,5,,Null
2015-10-06,2015,10,6,0.2,2
2015-10-07,2015,10,7,0,1
2015-10-08,2015,10,8,0,1
2015-10-09,2015,10,9,10.7,4
2015-10-10,2015,10,10,4.7,3
2015-10-11,2015,10,11,0.7,2
2015-10-12,2015,10,12,0,1
2015-10-13,2015,10,13,19,6
2015-10-14,2015,10,14,0,1
2015-10-15,2015,10,15,0,1
2015-10-16,2015,10,16,0,1
2015-10-17,2015,10,17,3.1,2
2015-10-18,2015,10,18,0,1
2015-10-19,2015,10,19,0.2,2
2015-10-20,2015,10,20,0,1
2015-10-21,2015,10,21,0,1
2015-10-22,2015,10,22,6.7,3
2015-10-23,2015,10,23,0.3,2
2015-10-24,2015,10,24,0,1
2015-10-25,2015,10,25,0.2,2
2015-10-26,2015,10,26,0,1
2015-10-27,2015,10,27,0.2,2
2015-10-28,2015,10,28,0,1
2015-10-29,2015,10,29,39.1,10
2015-10-30,2015,10,30,0,1
2015-10-31,2015,10,31,0,1
2015-11-01,2015,11,1,5.3,3
2015-11-02,2015,11,2,0,1
2015-11-03,2015,11,3,0,1
2015-11-04,2015,11,4,0.2,2
2015-11-05,2015,11,5,0,1
2015-11-06,2015,11,6,3.6,2
2015-11-07,2015,11,7,0,1
2015-11-08,2015,11,8,0,1
2015-11-09,2015,11,9,,Null
2015-11-10,2015,11,10,,Null
2015-11-11,2015,11,11,0,1
2015-11-12,2015,11,12,,Null
2015-11-13,2015,11,13,18.4,6
2015-11-14,2015,11,14,0.2,2
2015-11-15,2015,11,15,0.2,2
2015-11-16,2015,11,16,0,1
2015-11-17,2015,11,17,0,1
2015-11-18,2015,11,18,,Null
2015-11-19,2015,11,19,0,1
2015-11-20,2015,11,20,0,1
2015-11-21,2015,11,21,9.6,4
2015-11-22,2015,11,22,48.7,10
2015-11-23,2015,11,23,23.2,7
2015-11-24,2015,11,24,0,1
2015-11-25,2015,11,25,0.2,2
2015-11-26,2015,11,26,0,1
2015-11-27,2015,11,27,0,1
2015-11-28,2015,11,28,4.9,3
2015-11-29,2015,11,29,,Null
2015-11-30,2015,11,30,0,1
2015-12-01,2015,12,1,0,1
2015-12-02,2015,12,2,7.1,3
2015-12-03,2015,12,3,13.2,5
2015-12-04,2015,12,4,0.7,2
2015-12-05,2015,12,5,0,1
2015-12-06,2015,12,6,0,1
2015-12-07,2015,12,7,0,1
2015-12-08,2015,12,8,0,1
2015-12-09,2015,12,9,0.7,2
2015-12-10,2015,12,10,0.8,2
2015-12-11,2015,12,11,8.2,4
2015-12-12,2015,12,12,0,1
2015-12-13,2015,12,13,,Null
2015-12-14,2015,12,14,,Null
2015-12-15,2015,12,15,40,10
2015-12-16,2015,12,16,0,1
2015-12-17,2015,12,17,4.6,3
2015-12-18,2015,12,18,14.1,5
2015-12-19,2015,12,19,0.2,2
2015-12-20,2015,12,20,0.5,2
2015-12-21,2015,12,21,,Null
2015-12-22,2015,12,22,24,8
2015-12-23,2015,12,23,,Null
2015-12-24,2015,12,24,23.6,7
2015-12-25,2015,12,25,0.2,2
2015-12-26,2015,12,26,0,1
2015-12-27,2015,12,27,12.6,5
2015-12-28,2015,12,28,0.2,2
2015-12-29,2015,12,29,14.3,5
2015-12-30,2015,12,30,0.2,2
2015-12-31,2015,12,31,3.6,2
2016-01-01,2016,1,1,0.2,2
2016-01-02,2016,1,2,0,1
2016-01-03,2016,1,3,0,1
2016-01-04,2016,1,4,0.2,2
2016-01-05,2016,1,5,0.2,2
2016-01-06,2016,1,6,,Null
2016-01-07,2016,1,7,0,1
2016-01-08,2016,1,8,0,1
2016-01-09,2016,1,9,0,1
2016-01-10,2016,1,10,1.9,2
2016-01-11,2016,1,11,21.3,7
2016-01-12,2016,1,12,0.7,2
2016-01-13,2016,1,13,12.7,5
2016-01-14,2016,1,14,0,1
2016-01-15,2016,1,15,0.2,2
2016-01-16,2016,1,16,13.1,5
2016-01-17,2016,1,17,0,1
2016-01-18,2016,1,18,0.9,2
2016-01-19,2016,1,19,0.5,2
2016-01-20,2016,1,20,0,1
2016-01-21,2016,1,21,0.3,2
2016-01-22,2016,1,22,0,1
2016-01-23,2016,1,23,0,1
2016-01-24,2016,1,24,2.8,2
2016-01-25,2016,1,25,0.2,2
2016-01-26,2016,1,26,,Null
2016-01-27,2016,1,27,0,1
2016-01-28,2016,1,28,0.2,2
2016-01-29,2016,1,29,25.9,8
2016-01-30,2016,1,30,0,1
2016-01-31,2016,1,31,2.7,2
2016-02-01,2016,2,1,0,1
2016-02-02,2016,2,2,0,1
2016-02-03,2016,2,3,0.7,2
2016-02-04,2016,2,4,11.5,4
2016-02-05,2016,2,5,36.4,10
2016-02-06,2016,2,6,0,1
2016-02-07,2016,2,7,0,1
2016-02-08,2016,2,8,13.4,5
2016-02-09,2016,2,9,3.6,2
2016-02-10,2016,2,10,0,1
2016-02-11,2016,2,11,0.5,2
2016-02-12,2016,2,12,0.2,2
2016-02-13,2016,2,13,1.1,2
2016-02-14,2016,2,14,0.2,2
2016-02-15,2016,2,15,0,1
2016-02-16,2016,2,16,0.9,2
2016-02-17,2016,2,17,15.8,5
2016-02-18,2016,2,18,,Null
2016-02-19,2016,2,19,0,1
2016-02-20,2016,2,20,7,3
2016-02-21,2016,2,21,0,1
2016-02-22,2016,2,22,0.2,2
2016-02-23,2016,2,23,0,1
2016-02-24,2016,2,24,15.2,5
2016-02-25,2016,2,25,14.9,5
2016-02-26,2016,2,26,0,1
2016-02-27,2016,2,27,0,1
2016-02-28,2016,2,28,0,1
2016-02-29,2016,2,29,0,1
2016-03-01,2016,3,1,,Null
2016-03-02,2016,3,2,,Null
2016-03-03,2016,3,3,,Null
2016-03-04,2016,3,4,0,1
2016-03-05,2016,3,5,7.3,3
2016-03-06,2016,3,6,0,1
2016-03-07,2016,3,7,0,1
2016-03-08,2016,3,8,0,1
2016-03-09,2016,3,9,0,1
2016-03-10,2016,3,10,0.4,2
2016-03-11,2016,3,11,10.5,4
2016-03-12,2016,3,12,0,1
2016-03-13,2016,3,13,0,1
2016-03-14,2016,3,14,0,1
2016-03-15,2016,3,15,3.5,2
2016-03-16,2016,3,16,9.9,4
2016-03-17,2016,3,17,2.6,2
2016-03-18,2016,3,18,3.1,2
2016-03-19,2016,3,19,0.2,2
2016-03-20,2016,3,20,0,1
2016-03-21,2016,3,21,22.7,7
2016-03-22,2016,3,22,0,1
2016-03-23,2016,3,23,4.1,3
2016-03-24,2016,3,24,0,1
2016-03-25,2016,3,25,17.4,6
2016-03-26,2016,3,26,0.2,2
2016-03-27,2016,3,27,0,1
2016-03-28,2016,3,28,20.5,7
2016-03-29,2016,3,29,0.4,2
2016-03-30,2016,3,30,0,1
2016-03-31,2016,3,31,0,1
2016-04-01,2016,4,1,37.8,10
2016-04-02,2016,4,2,5.5,3
2016-04-03,2016,4,3,9.5,4
2016-04-04,2016,4,4,3.1,2
2016-04-05,2016,4,5,0.2,2
2016-04-06,2016,4,6,0,1
2016-04-07,2016,4,7,,Null
2016-04-08,2016,4,8,16.7,6
2016-04-09,2016,4,9,2,2
2016-04-10,2016,4,10,8.3,4
2016-04-11,2016,4,11,1.9,2
2016-04-12,2016,4,12,1.7,2
2016-04-13,2016,4,13,12.3,5
2016-04-14,2016,4,14,8,4
2016-04-15,2016,4,15,29.6,9
2016-04-16,2016,4,16,0,1
2016-04-17,2016,4,17,0,1
2016-04-18,2016,4,18,0,1
2016-04-19,2016,4,19,0,1
2016-04-20,2016,4,20,0,1
2016-04-21,2016,4,21,0,1
2016-04-22,2016,4,22,0,1
2016-04-23,2016,4,23,4.7,3
2016-04-24,2016,4,24,0.2,2
2016-04-25,2016,4,25,0,1
2016-04-26,2016,4,26,3.8,2
2016-04-27,2016,4,27,0.2,2
2016-04-28,2016,4,28,0,1
2016-04-29,2016,4,29,0.2,2
2016-04-30,2016,4,30,0,1
2016-05-01,2016,5,1,0,1
2016-05-02,2016,5,2,11,4
2016-05-03,2016,5,3,0.2,2
2016-05-04,2016,5,4,2.3,2
2016-05-05,2016,5,5,31.4,9
2016-05-06,2016,5,6,15.6,5
2016-05-07,2016,5,7,0.6,2
2016-05-08,2016,5,8,0,1
2016-05-09,2016,5,9,0,1
2016-05-10,2016,5,10,0,1
2016-05-11,2016,5,11,0,1
2016-05-12,2016,5,12,0,1
2016-05-13,2016,5,13,0,1
2016-05-14,2016,5,14,13.6,5
2016-05-15,2016,5,15,0,1
2016-05-16,2016,5,16,1,2
2016-05-17,2016,5,17,0,1
2016-05-18,2016,5,18,0,1
2016-05-19,2016,5,19,0,1
2016-05-20,2016,5,20,2.2,2
2016-05-21,2016,5,21,0,1
2016-05-22,2016,5,22,16.6,6
2016-05-23,2016,5,23,1.9,2
2016-05-24,2016,5,24,0,1
2016-05-25,2016,5,25,0.2,2
2016-05-26,2016,5,26,0,1
2016-05-27,2016,5,27,0.2,2
2016-05-28,2016,5,28,2.4,2
2016-05-29,2016,5,29,0,1
2016-05-30,2016,5,30,16.4,6
2016-05-31,2016,5,31,0,1
2016-06-01,2016,6,1,0,1
2016-06-02,2016,6,2,0,1
2016-06-03,2016,6,3,0,1
2016-06-04,2016,6,4,0,1
2016-06-05,2016,6,5,0,1
2016-06-06,2016,6,6,18.3,6
2016-06-07,2016,6,7,1.6,2
2016-06-08,2016,6,8,16.8,6
2016-06-09,2016,6,9,0.3,2
2016-06-10,2016,6,10,0,1
2016-06-11,2016,6,11,0,1
2016-06-12,2016,6,12,5.8,3
2016-06-13,2016,6,13,0.2,2
2016-06-14,2016,6,14,1.1,2
2016-06-15,2016,6,15,0.4,2
2016-06-16,2016,6,16,0,1
2016-06-17,2016,6,17,0,1
2016-06-18,2016,6,18,0,1
2016-06-19,2016,6,19,0,1
2016-06-20,2016,6,20,0,1
2016-06-21,2016,6,21,0.6,2
2016-06-22,2016,6,22,0,1
2016-06-23,2016,6,23,0,1
2016-06-24,2016,6,24,,Null
2016-06-25,2016,6,25,0,1
2016-06-26,2016,6,26,0,1
2016-06-27,2016,6,27,0.7,2
2016-06-28,2016,6,28,3.1,2
2016-06-29,2016,6,29,1.4,2
2016-06-30,2016,6,30,5.2,3
2016-07-01,2016,7,1,0,1
2016-07-02,2016,7,2,0.2,2
2016-07-03,2016,7,3,0,1
2016-07-04,2016,7,4,0,1
2016-07-05,2016,7,5,0,1
2016-07-06,2016,7,6,4.9,3
2016-07-07,2016,7,7,16.9,6
2016-07-08,2016,7,8,7.6,3
2016-07-09,2016,7,9,0,1
2016-07-10,2016,7,10,14.2,5
2016-07-11,2016,7,11,2.3,2
2016-07-12,2016,7,12,4.6,3
2016-07-13,2016,7,13,0,1
2016-07-14,2016,7,14,0,1
2016-07-15,2016,7,15,4.8,3
2016-07-16,2016,7,16,0,1
2016-07-17,2016,7,17,1.2,2
2016-07-18,2016,7,18,0,1
2016-07-19,2016,7,19,0,1
2016-07-20,2016,7,20,,Null
2016-07-21,2016,7,21,0,1
2016-07-22,2016,7,22,0,1
2016-07-23,2016,7,23,1.2,2
2016-07-24,2016,7,24,1.8,2
2016-07-25,2016,7,25,0,1
2016-07-26,2016,7,26,9.9,4
2016-07-27,2016,7,27,0,1
2016-07-28,2016,7,28,0,1
2016-07-29,2016,7,29,0,1
2016-07-30,2016,7,30,0,1
2016-07-31,2016,7,31,0,1
2016-08-01,2016,8,1,0,1
2016-08-02,2016,8,2,0,1
2016-08-03,2016,8,3,0,1
2016-08-04,2016,8,4,0.4,2
2016-08-05,2016,8,5,0,1
2016-08-06,2016,8,6,0.5,2
2016-08-07,2016,8,7,0,1
2016-08-08,2016,8,8,0,1
2016-08-09,2016,8,9,0,1
2016-08-10,2016,8,10,0,1
2016-08-11,2016,8,11,0,1
2016-08-12,2016,8,12,5.7,3
2016-08-13,2016,8,13,0,1
2016-08-14,2016,8,14,19,6
2016-08-15,2016,8,15,0,1
2016-08-16,2016,8,16,0,1
2016-08-17,2016,8,17,30.3,9
2016-08-18,2016,8,18,0,1
2016-08-19,2016,8,19,0,1
2016-08-20,2016,8,20,0,1
2016-08-21,2016,8,21,0,1
2016-08-22,2016,8,22,1.8,2
2016-08-23,2016,8,23,0,1
2016-08-24,2016,8,24,0,1
2016-08-25,2016,8,25,0,1
2016-08-26,2016,8,26,1,2
2016-08-27,2016,8,27,0,1
2016-08-28,2016,8,28,0,1
2016-08-29,2016,8,29,0,1
2016-08-30,2016,8,30,0,1
2016-08-31,2016,8,31,0,1
2016-09-01,2016,9,1,0,1
2016-09-02,2016,9,2,0,1
2016-09-03,2016,9,3,0,1
2016-09-04,2016,9,4,0,1
2016-09-05,2016,9,5,0,1
2016-09-06,2016,9,6,1.2,2
2016-09-07,2016,9,7,0,1
2016-09-08,2016,9,8,0,1
2016-09-09,2016,9,9,1.1,2
2016-09-10,2016,9,10,0,1
2016-09-11,2016,9,11,0,1
2016-09-12,2016,9,12,0,1
2016-09-13,2016,9,13,0,1
2016-09-14,2016,9,14,7.1,3
2016-09-15,2016,9,15,0,1
2016-09-16,2016,9,16,0,1
2016-09-17,2016,9,17,0,1
2016-09-18,2016,9,18,0,1
2016-09-19,2016,9,19,8.8,4
2016-09-20,2016,9,20,7.9,3
2016-09-21,2016,9,21,0,1
2016-09-22,2016,9,22,0,1
2016-09-23,2016,9,23,0,1
2016-09-24,2016,9,24,0.2,2
2016-09-25,2016,9,25,,Null
2016-09-26,2016,9,26,0,1
2016-09-27,2016,9,27,20.4,7
2016-09-28,2016,9,28,0,1
2016-09-29,2016,9,29,0,1
2016-09-30,2016,9,30,0,1
2016-10-01,2016,10,1,0,1
2016-10-02,2016,10,2,10.4,4
2016-10-03,2016,10,3,0.2,2
2016-10-04,2016,10,4,0,1
2016-10-05,2016,10,5,0.2,2
2016-10-06,2016,10,6,0,1
2016-10-07,2016,10,7,0,1
2016-10-08,2016,10,8,0,1
2016-10-09,2016,10,9,19.1,6
2016-10-10,2016,10,10,74.5,10
2016-10-11,2016,10,11,0,1
2016-10-12,2016,10,12,,Null
2016-10-13,2016,10,13,0,1
2016-10-14,2016,10,14,0,1
2016-10-15,2016,10,15,0,1
2016-10-16,2016,10,16,0,1
2016-10-17,2016,10,17,0,1
2016-10-18,2016,10,18,0,1
2016-10-19,2016,10,19,0,1
2016-10-20,2016,10,20,0,1
2016-10-21,2016,10,21,8.2,4
2016-10-22,2016,10,22,59,10
2016-10-23,2016,10,23,0,1
2016-10-24,2016,10,24,,Null
2016-10-25,2016,10,25,0,1
2016-10-26,2016,10,26,,Null
2016-10-27,2016,10,27,,Null
2016-10-28,2016,10,28,26.4,8
2016-10-29,2016,10,29,6.5,3
2016-10-30,2016,10,30,0.2,2
2016-10-31,2016,10,31,0,1
2016-11-01,2016,11,1,0,1
2016-11-02,2016,11,2,0,1
2016-11-03,2016,11,3,4,3
2016-11-04,2016,11,4,0.9,2
2016-11-05,2016,11,5,0,1
2016-11-06,2016,11,6,2.8,2
2016-11-07,2016,11,7,0,1
2016-11-08,2016,11,8,0,1
2016-11-09,2016,11,9,0,1
2016-11-10,2016,11,10,0,1
2016-11-11,2016,11,11,0,1
2016-11-12,2016,11,12,0,1
2016-11-13,2016,11,13,0,1
2016-11-14,2016,11,14,0,1
2016-11-15,2016,11,15,0,1
2016-11-16,2016,11,16,9.2,4
2016-11-17,2016,11,17,0,1
2016-11-18,2016,11,18,17.5,6
2016-11-19,2016,11,19,17.3,6
2016-11-20,2016,11,20,1.2,2
2016-11-21,2016,11,21,1,2
2016-11-22,2016,11,22,0.2,2
2016-11-23,2016,11,23,0,1
2016-11-24,2016,11,24,0,1
2016-11-25,2016,11,25,0,1
2016-11-26,2016,11,26,0,1
2016-11-27,2016,11,27,20.9,7
2016-11-28,2016,11,28,0,1
2016-11-29,2016,11,29,3,2
2016-11-30,2016,11,30,21.5,7
2016-12-01,2016,12,1,24,8
2016-12-02,2016,12,2,0,1
2016-12-03,2016,12,3,0,1
2016-12-04,2016,12,4,,Null
2016-12-05,2016,12,5,0,1
2016-12-06,2016,12,6,0,1
2016-12-07,2016,12,7,0,1
2016-12-08,2016,12,8,5.8,3
2016-12-09,2016,12,9,1.4,2
2016-12-10,2016,12,10,0.2,2
2016-12-11,2016,12,11,0,1
2016-12-12,2016,12,12,20.4,7
2016-12-13,2016,12,13,0,1
2016-12-14,2016,12,14,11.9,4
2016-12-15,2016,12,15,3.9,2
2016-12-16,2016,12,16,0.3,2
2016-12-17,2016,12,17,16.5,6
2016-12-18,2016,12,18,8.7,4
2016-12-19,2016,12,19,0,1
2016-12-20,2016,12,20,0,1
2016-12-21,2016,12,21,,Null
2016-12-22,2016,12,22,5.7,3
2016-12-23,2016,12,23,0.2,2
2016-12-24,2016,12,24,9.8,4
2016-12-25,2016,12,25,6.3,3
2016-12-26,2016,12,26,,Null
2016-12-27,2016,12,27,,Null
2016-12-28,2016,12,28,,Null
2016-12-29,2016,12,29,,Null
2016-12-30,2016,12,30,,Null
2016-12-31,2016,12,31,,Null
2017-01-01,2017,1,1,,Null
2017-01-02,2017,1,2,,Null
2017-01-03,2017,1,3,,Null
2017-01-04,2017,1,4,,Null
2017-01-05,2017,1,5,1.8,2
2017-01-06,2017,1,6,4.9,3
2017-01-07,2017,1,7,,Null
2017-01-08,2017,1,8,,Null
2017-01-09,2017,1,9,,Null
2017-01-10,2017,1,10,,Null
2017-01-11,2017,1,11,7,3
2017-01-12,2017,1,12,6.6,3
2017-01-13,2017,1,13,,Null
2017-01-14,2017,1,14,,Null
2017-01-15,2017,1,15,,Null
2017-01-16,2017,1,16,,Null
2017-01-17,2017,1,17,0,1
2017-01-18,2017,1,18,0,1
2017-01-19,2017,1,19,0,1
2017-01-20,2017,1,20,0,1
2017-01-21,2017,1,21,0.2,2
2017-01-22,2017,1,22,0,1
2017-01-23,2017,1,23,0,1
2017-01-24,2017,1,24,39.4,10
2017-01-25,2017,1,25,49.5,10
2017-01-26,2017,1,26,5.6,3
2017-01-27,2017,1,27,0.4,2
2017-01-28,2017,1,28,0.5,2
2017-01-29,2017,1,29,0,1
2017-01-30,2017,1,30,0,1
2017-01-31,2017,1,31,0,1
2017-02-01,2017,2,1,4.1,3
2017-02-02,2017,2,2,0.2,2
2017-02-03,2017,2,3,0,1
2017-02-04,2017,2,4,0,1
2017-02-05,2017,2,5,3.7,2
2017-02-06,2017,2,6,0.6,2
2017-02-07,2017,2,7,1.1,2
2017-02-08,2017,2,8,9.3,4
2017-02-09,2017,2,9,15.7,5
2017-02-10,2017,2,10,0.7,2
2017-02-11,2017,2,11,0,1
2017-02-12,2017,2,12,0,1
2017-02-13,2017,2,13,23.6,7
2017-02-14,2017,2,14,1,2
2017-02-15,2017,2,15,4,3
2017-02-16,2017,2,16,9.5,4
2017-02-17,2017,2,17,0,1
2017-02-18,2017,2,18,0,1
2017-02-19,2017,2,19,0,1
2017-02-20,2017,2,20,0.4,2
2017-02-21,2017,2,21,0,1
2017-02-22,2017,2,22,0,1
2017-02-23,2017,2,23,0,1
2017-02-24,2017,2,24,0,1
2017-02-25,2017,2,25,7.8,3
2017-02-26,2017,2,26,11.7,4
2017-02-27,2017,2,27,0.2,2
2017-02-28,2017,2,28,0,1
2017-03-01,2017,3,1,1.3,2
2017-03-02,2017,3,2,0.9,2
2017-03-03,2017,3,3,0,1
2017-03-04,2017,3,4,0,1
2017-03-05,2017,3,5,0.2,2
2017-03-06,2017,3,6,0,1
2017-03-07,2017,3,7,3.2,2
2017-03-08,2017,3,8,16.3,6
2017-03-09,2017,3,9,0.2,2
2017-03-10,2017,3,10,1.6,2
2017-03-11,2017,3,11,0.5,2
2017-03-12,2017,3,12,0,1
2017-03-13,2017,3,13,0,1
2017-03-14,2017,3,14,,Null
2017-03-15,2017,3,15,1.9,2
2017-03-16,2017,3,16,0.2,2
2017-03-17,2017,3,17,0,1
2017-03-18,2017,3,18,0,1
2017-03-19,2017,3,19,12.4,5
2017-03-20,2017,3,20,4.4,3
2017-03-21,2017,3,21,0,1
2017-03-22,2017,3,22,0.4,2
2017-03-23,2017,3,23,0,1
2017-03-24,2017,3,24,1,2
2017-03-25,2017,3,25,1.8,2
2017-03-26,2017,3,26,0,1
2017-03-27,2017,3,27,12.2,5
2017-03-28,2017,3,28,3.5,2
2017-03-29,2017,3,29,10.2,4
2017-03-30,2017,3,30,0,1
2017-03-31,2017,3,31,0,1
2017-04-01,2017,4,1,0,1
2017-04-02,2017,4,2,2.9,2
2017-04-03,2017,4,3,0,1
2017-04-04,2017,4,4,,Null
2017-04-05,2017,4,5,0,1
2017-04-06,2017,4,6,10.1,4
2017-04-07,2017,4,7,23.9,7
2017-04-08,2017,4,8,0.2,2
2017-04-09,2017,4,9,0.2,2
2017-04-10,2017,4,10,0,1
2017-04-11,2017,4,11,0,1
2017-04-12,2017,4,12,0,1
2017-04-13,2017,4,13,0,1
2017-04-14,2017,4,14,0,1
2017-04-15,2017,4,15,0,1
2017-04-16,2017,4,16,0,1
2017-04-17,2017,4,17,0,1
2017-04-18,2017,4,18,0,1
2017-04-19,2017,4,19,0,1
2017-04-20,2017,4,20,0,1
2017-04-21,2017,4,21,0,1
2017-04-22,2017,4,22,10,4
2017-04-23,2017,4,23,4.1,3
2017-04-24,2017,4,24,,Null
2017-04-25,2017,4,25,,Null
2017-04-26,2017,4,26,,Null
2017-04-27,2017,4,27,,Null
2017-04-28,2017,4,28,0.4,2
2017-04-29,2017,4,29,0,1
2017-04-30,2017,4,30,0,1
2017-05-01,2017,5,1,8.2,4
2017-05-02,2017,5,2,12.1,5
2017-05-03,2017,5,3,0,1
2017-05-04,2017,5,4,0,1
2017-05-05,2017,5,5,3.5,2
2017-05-06,2017,5,6,6.9,3
2017-05-07,2017,5,7,20.7,7
2017-05-08,2017,5,8,5.2,3
2017-05-09,2017,5,9,21.6,7
2017-05-10,2017,5,10,1.2,2
2017-05-11,2017,5,11,1.5,2
2017-05-12,2017,5,12,0,1
2017-05-13,2017,5,13,0,1
2017-05-14,2017,5,14,24.4,8
2017-05-15,2017,5,15,6.6,3
2017-05-16,2017,5,16,0.7,2
2017-05-17,2017,5,17,0,1
2017-05-18,2017,5,18,0,1
2017-05-19,2017,5,19,0,1
2017-05-20,2017,5,20,0,1
2017-05-21,2017,5,21,0,1
2017-05-22,2017,5,22,0,1
2017-05-23,2017,5,23,16.3,6
2017-05-24,2017,5,24,0,1
2017-05-25,2017,5,25,3,2
2017-05-26,2017,5,26,32.1,10
2017-05-27,2017,5,27,1.6,2
2017-05-28,2017,5,28,0,1
2017-05-29,2017,5,29,0,1
2017-05-30,2017,5,30,0,1
2017-05-31,2017,5,31,1.6,2
2017-06-01,2017,6,1,1.1,2
2017-06-02,2017,6,2,0,1
2017-06-03,2017,6,3,10.1,4
2017-06-04,2017,6,4,0,1
2017-06-05,2017,6,5,0,1
2017-06-06,2017,6,6,0,1
2017-06-07,2017,6,7,0,1
2017-06-08,2017,6,8,0,1
2017-06-09,2017,6,9,35.4,10
2017-06-10,2017,6,10,0.2,2
2017-06-11,2017,6,11,0,1
2017-06-12,2017,6,12,0.4,2
2017-06-13,2017,6,13,0,1
2017-06-14,2017,6,14,0,1
2017-06-15,2017,6,15,0,1
2017-06-16,2017,6,16,0,1
2017-06-17,2017,6,17,14.1,5
2017-06-18,2017,6,18,0.6,2
2017-06-19,2017,6,19,0,1
2017-06-20,2017,6,20,20.9,7
2017-06-21,2017,6,21,1.6,2
2017-06-22,2017,6,22,0,1
2017-06-23,2017,6,23,0.5,2
2017-06-24,2017,6,24,4.3,3
2017-06-25,2017,6,25,0.2,2
2017-06-26,2017,6,26,0,1
2017-06-27,2017,6,27,0.2,2
2017-06-28,2017,6,28,0,1
2017-06-29,2017,6,29,0,1
2017-06-30,2017,6,30,4,3
2017-07-01,2017,7,1,12.3,5
2017-07-02,2017,7,2,39.5,10
2017-07-03,2017,7,3,0.2,2
2017-07-04,2017,7,4,0,1
2017-07-05,2017,7,5,0,1
2017-07-06,2017,7,6,0,1
2017-07-07,2017,7,7,3.5,2
2017-07-08,2017,7,8,21.9,7
2017-07-09,2017,7,9,0,1
2017-07-10,2017,7,10,,Null
2017-07-11,2017,7,11,0,1
2017-07-12,2017,7,12,0,1
2017-07-13,2017,7,13,0,1
2017-07-14,2017,7,14,0,1
2017-07-15,2017,7,15,0,1
2017-07-16,2017,7,16,0,1
2017-07-17,2017,7,17,0,1
2017-07-18,2017,7,18,0,1
2017-07-19,2017,7,19,0,1
2017-07-20,2017,7,20,0,1
2017-07-21,2017,7,21,0,1
2017-07-22,2017,7,22,0,1
2017-07-23,2017,7,23,0,1
2017-07-24,2017,7,24,6.7,3
2017-07-25,2017,7,25,3.9,2
2017-07-26,2017,7,26,0,1
2017-07-27,2017,7,27,0,1
2017-07-28,2017,7,28,0.2,2
2017-07-29,2017,7,29,0,1
2017-07-30,2017,7,30,0,1
2017-07-31,2017,7,31,0,1
2017-08-01,2017,8,1,0,1
2017-08-02,2017,8,2,0,1
2017-08-03,2017,8,3,0,1
2017-08-04,2017,8,4,0,1
2017-08-05,2017,8,5,0,1
2017-08-06,2017,8,6,4.6,3
2017-08-07,2017,8,7,0,1
2017-08-08,2017,8,8,7.8,3
2017-08-09,2017,8,9,0,1
2017-08-10,2017,8,10,0,1
2017-08-11,2017,8,11,0,1
2017-08-12,2017,8,12,16.8,6
2017-08-13,2017,8,13,1.5,2
2017-08-14,2017,8,14,0,1
2017-08-15,2017,8,15,0,1
2017-08-16,2017,8,16,0,1
2017-08-17,2017,8,17,0,1
2017-08-18,2017,8,18,0,1
2017-08-19,2017,8,19,22.8,7
2017-08-20,2017,8,20,0.2,2
2017-08-21,2017,8,21,0,1
2017-08-22,2017,8,22,0,1
2017-08-23,2017,8,23,9.7,4
2017-08-24,2017,8,24,0,1
2017-08-25,2017,8,25,0,1
2017-08-26,2017,8,26,0,1
2017-08-27,2017,8,27,0.7,2
2017-08-28,2017,8,28,0,1
2017-08-29,2017,8,29,0,1
2017-08-30,2017,8,30,10.1,4
2017-08-31,2017,8,31,0.5,2
2017-09-01,2017,9,1,0,1
2017-09-02,2017,9,2,0,1
2017-09-03,2017,9,3,30.3,9
2017-09-04,2017,9,4,0.6,2
2017-09-05,2017,9,5,0,1
2017-09-06,2017,9,6,2,2
2017-09-07,2017,9,7,28.1,9
2017-09-08,2017,9,8,0,1
2017-09-09,2017,9,9,0,1
2017-09-10,2017,9,10,0,1
2017-09-11,2017,9,11,0,1
2017-09-12,2017,9,12,0,1
2017-09-13,2017,9,13,0,1
2017-09-14,2017,9,14,0,1
2017-09-15,2017,9,15,0,1
2017-09-16,2017,9,16,0,1
2017-09-17,2017,9,17,0,1
2017-09-18,2017,9,18,0,1
2017-09-19,2017,9,19,1.1,2
2017-09-20,2017,9,20,13,5
2017-09-21,2017,9,21,0,1
2017-09-22,2017,9,22,0,1
2017-09-23,2017,9,23,0,1
2017-09-24,2017,9,24,0,1
2017-09-25,2017,9,25,0,1
2017-09-26,2017,9,26,0,1
2017-09-27,2017,9,27,0.6,2
2017-09-28,2017,9,28,34.8,10
2017-09-29,2017,9,29,0,1
2017-09-30,2017,9,30,0,1
2017-10-01,2017,10,1,0,1
2017-10-02,2017,10,2,0,1
2017-10-03,2017,10,3,0,1
2017-10-04,2017,10,4,0,1
2017-10-05,2017,10,5,0,1
2017-10-06,2017,10,6,0.3,2
2017-10-07,2017,10,7,0,1
2017-10-08,2017,10,8,1.2,2
2017-10-09,2017,10,9,10.4,4
2017-10-10,2017,10,10,11.6,4
2017-10-11,2017,10,11,0,1
2017-10-12,2017,10,12,0,1
2017-10-13,2017,10,13,0,1
2017-10-14,2017,10,14,0,1
2017-10-15,2017,10,15,0,1
2017-10-16,2017,10,16,0,1
2017-10-17,2017,10,17,0,1
2017-10-18,2017,10,18,0,1
2017-10-19,2017,10,19,0,1
2017-10-20,2017,10,20,0,1
2017-10-21,2017,10,21,0,1
2017-10-22,2017,10,22,0,1
2017-10-23,2017,10,23,0,1
2017-10-24,2017,10,24,0.2,2
2017-10-25,2017,10,25,0,1
2017-10-26,2017,10,26,15.3,5
2017-10-27,2017,10,27,0,1
2017-10-28,2017,10,28,0,1
2017-10-29,2017,10,29,0,1
2017-10-30,2017,10,30,13.2,5
2017-10-31,2017,10,31,0,1
2017-11-01,2017,11,1,0,1
2017-11-02,2017,11,2,0,1
2017-11-03,2017,11,3,0.2,2
2017-11-04,2017,11,4,0,1
2017-11-05,2017,11,5,0,1
2017-11-06,2017,11,6,5.5,3
2017-11-07,2017,11,7,0.8,2
2017-11-08,2017,11,8,0,1
2017-11-09,2017,11,9,0,1
2017-11-10,2017,11,10,6.6,3
2017-11-11,2017,11,11,0.2,2
2017-11-12,2017,11,12,0,1
2017-11-13,2017,11,13,0.3,2
2017-11-14,2017,11,14,2.2,2
2017-11-15,2017,11,15,0,1
2017-11-16,2017,11,16,19.5,6
2017-11-17,2017,11,17,17.8,6
2017-11-18,2017,11,18,0,1
2017-11-19,2017,11,19,16.9,6
2017-11-20,2017,11,20,0,1
2017-11-21,2017,11,21,0,1
2017-11-22,2017,11,22,,Null
2017-11-23,2017,11,23,,Null
2017-11-24,2017,11,24,,Null
2017-11-25,2017,11,25,,Null
2017-11-26,2017,11,26,,Null
2017-11-27,2017,11,27,,Null
2017-11-28,2017,11,28,0,1
2017-11-29,2017,11,29,0,1
2017-11-30,2017,11,30,0.2,2
2017-12-01,2017,12,1,20.2,7
2017-12-02,2017,12,2,1.6,2
2017-12-03,2017,12,3,0.2,2
2017-12-04,2017,12,4,0,1
2017-12-05,2017,12,5,0,1
2017-12-06,2017,12,6,25.2,8
2017-12-07,2017,12,7,,Null
2017-12-08,2017,12,8,,Null
2017-12-09,2017,12,9,27.6,8
2017-12-10,2017,12,10,10.1,4
2017-12-11,2017,12,11,2,2
2017-12-12,2017,12,12,17.5,6
2017-12-13,2017,12,13,11.1,4
2017-12-14,2017,12,14,0,1
2017-12-15,2017,12,15,1.6,2
2017-12-16,2017,12,16,0.7,2
2017-12-17,2017,12,17,0.2,2
2017-12-18,2017,12,18,,Null
2017-12-19,2017,12,19,7,3
2017-12-20,2017,12,20,1.2,2
2017-12-21,2017,12,21,0,1
2017-12-22,2017,12,22,0,1
2017-12-23,2017,12,23,29.1,9
2017-12-24,2017,12,24,0.7,2
2017-12-25,2017,12,25,9.9,4
2017-12-26,2017,12,26,0,1
2017-12-27,2017,12,27,0,1
2017-12-28,2017,12,28,0,1
2017-12-29,2017,12,29,0,1
2017-12-30,2017,12,30,0,1
2017-12-31,2017,12,31,0,1
,,,,,Null
,,,,,Null
,,,,,Null
,,,,,Null
,,,,,Null
,,,,,Null
,,,,,Null
,,,,,Null
,,,,,Null
,,,,,Null
,,,,,Null
,,,,,Null
,,,,,Null
,,,,,Null
,,,,,Null
,,,,,Null
,,,,,Null
,,,,,Null
,,,,,Null
,,,,,Null
,,,,,Null
,,,,,Null
,,,,,Null
,,,,,Null
,,,,,Null
,,,,,Null
,,,,,Null
,,,,,Null
,,,,,Null
,,,,,Null
,,,,,Null
,,,,,Null
,,,,,Null
,,,,,Null
,,,,,Null
,,,,,Null
,,,,,Null
,,,,,Null
,,,,,Null
,,,,,Null
,,,,,Null
,,,,,Null
,,,,,Null
,,,,,Null
,,,,,Null
,,,,,Null
,,,,,Null
,,,,,Null
,,,,,Null
,,,,,Null
,,,,,Null
,,,,,Null
,,,,,Null
,,,,,Null
,,,,,Null
,,,,,Null
,,,,,Null
,,,,,Null
,,,,,Null
,,,,,Null
,,,,,Null
,,,,,Null
,,,,,Null
,,,,,Null
,,,,,Null
,,,,,Null
,,,,,Null
,,,,,Null
,,,,,Null
,,,,,Null
,,,,,Null
,,,,,Null
,,,,,Null
,,,,,Null
,,,,,Null
,,,,,Null
,,,,,Null
,,,,,Null
,,,,,Null
,,,,,Null
,,,,,Null
,,,,,Null
,,,,,Null
,,,,,Null
,,,,,Null
,,,,,Null
,,,,,Null
,,,,,Null
,,,,,Null
,,,,,Null
,,,,,Null
,,,,,Null
,,,,,Null
,,,,,Null
,,,,,Null
,,,,,Null
,,,,,Null
,,,,,Null
,,,,,Null
,,,,,Null
,,,,,Null
,,,,,Null
,,,,,Null
,,,,,Null
,,,,,Null
,,,,,Null
,,,,,Null
,,,,,Null
,,,,,Null
,,,,,Null
,,,,,Null
,,,,,Null
,,,,,Null
,,,,,Null
,,,,,Null
,,,,,Null
,,,,,Null
,,,,,Null
,,,,,Null
,,,,,Null
,,,,,Null
,,,,,Null
,,,,,Null
,,,,,Null
,,,,,Null
,,,,,Null
,,,,,Null
,,,,,Null
,,,,,Null
,,,,,Null
,,,,,Null
,,,,,Null
,,,,,Null
,,,,,Null
,,,,,Null
,,,,,Null
,,,,,Null
,,,,,Null
,,,,,Null
,,,,,Null
,,,,,Null
,,,,,Null
,,,,,Null
,,,,,Null
,,,,,Null
,,,,,Null
,,,,,Null
,,,,,Null
,,,,,Null
,,,,,Null
,,,,,Null
,,,,,Null
,,,,,Null
,,,,,Null
,,,,,Null
,,,,,Null
,,,,,Null
,,,,,Null
,,,,,Null
,,,,,Null
,,,,,Null
,,,,,Null
,,,,,Null
,,,,,Null
,,,,,Null
,,,,,Null
,,,,,Null
,,,,,Null
,,,,,Null
,,,,,Null
,,,,,Null
,,,,,Null
,,,,,Null
,,,,,Null
,,,,,Null
,,,,,Null
,,,,,Null
,,,,,Null
,,,,,Null
,,,,,Null
,,,,,Null
,,,,,Null
,,,,,Null
,,,,,Null
,,,,,Null
,,,,,Null
,,,,,Null
,,,,,Null
,,,,,Null
,,,,,Null
,,,,,Null
,,,,,Null
,,,,,Null
,,,,,Null
,,,,,Null
,,,,,Null
,,,,,Null
,,,,,Null
,,,,,Null
,,,,,Null
,,,,,Null
,,,,,Null
,,,,,Null
,,,,,Null
,,,,,Null
,,,,,Null
,,,,,Null
,,,,,Null
,,,,,Null
,,,,,Null
,,,,,Null
,,,,,Null
,,,,,Null
,,,,,Null
,,,,,Null
,,,,,Null
,,,,,Null
,,,,,Null
,,,,,Null
,,,,,Null
,,,,,Null
,,,,,Null
,,,,,Null
,,,,,Null
,,,,,Null
,,,,,Null
,,,,,Null
,,,,,Null
